<Objs Version="1.1.0.1" xmlns="http://schemas.microsoft.com/powershell/2004/04">
  <Obj RefId="0">
    <TN RefId="0">
      <T>Microsoft.PowerShell.Commands.PSRepositoryItemInfo</T>
      <T>System.Management.Automation.PSCustomObject</T>
      <T>System.Object</T>
    </TN>
    <MS>
      <S N="Name">SharePointPnPPowerShellOnline</S>
      <S N="Version">3.29.2101.0</S>
      <S N="Type">Module</S>
      <S N="Description">Microsoft 365 Patterns and Practices PowerShell Cmdlets for SharePoint Online</S>
      <S N="Author">Microsoft 365 Patterns and Practices</S>
      <Obj N="CompanyName" RefId="1">
        <TN RefId="1">
          <T>System.Object[]</T>
          <T>System.Array</T>
          <T>System.Object</T>
        </TN>
        <LST>
          <S>erwinvanhunen</S>
          <S>sharepointpnp</S>
        </LST>
      </Obj>
      <Nil N="Copyright" />
      <DT N="PublishedDate">2021-01-19T08:29:08+10:00</DT>
      <Nil N="InstalledDate" />
      <Nil N="UpdatedDate" />
      <Nil N="LicenseUri" />
      <URI N="ProjectUri">https://aka.ms/sppnp</URI>
      <URI N="IconUri">https://github.com/pnp/media/blob/19f8d40f400f9f0d766a8efd69496d8f536b853f/parker/ms/300w/parker-ms-300.png</URI>
      <Obj N="Tags" RefId="2">
        <TNRef RefId="1" />
        <LST>
          <S>PSModule</S>
        </LST>
      </Obj>
      <Obj N="Includes" RefId="3">
        <TN RefId="2">
          <T>System.Collections.Hashtable</T>
          <T>System.Object</T>
        </TN>
        <DCT>
          <En>
            <S N="Key">RoleCapability</S>
            <Obj N="Value" RefId="4">
              <TNRef RefId="1" />
              <LST />
            </Obj>
          </En>
          <En>
            <S N="Key">Workflow</S>
            <Ref N="Value" RefId="4" />
          </En>
          <En>
            <S N="Key">Command</S>
            <Obj N="Value" RefId="5">
              <TNRef RefId="1" />
              <LST>
                <S>Add-PnPAlert</S>
                <S>Add-PnPApp</S>
                <S>Add-PnPApplicationCustomizer</S>
                <S>Add-PnPClientSidePage</S>
                <S>Add-PnPClientSidePageSection</S>
                <S>Add-PnPClientSideText</S>
                <S>Add-PnPClientSideWebPart</S>
                <S>Add-PnPContentType</S>
                <S>Add-PnPContentTypeToDocumentSet</S>
                <S>Add-PnPContentTypeToList</S>
                <S>Add-PnPCustomAction</S>
                <S>Add-PnPDataRowsToProvisioningTemplate</S>
                <S>Add-PnPDocumentSet</S>
                <S>Add-PnPEventReceiver</S>
                <S>Add-PnPField</S>
                <S>Add-PnPFieldFromXml</S>
                <S>Add-PnPFieldToContentType</S>
                <S>Add-PnPFile</S>
                <S>Add-PnPFileToProvisioningTemplate</S>
                <S>Add-PnPFolder</S>
                <S>Add-PnPHtmlPublishingPageLayout</S>
                <S>Add-PnPHubSiteAssociation</S>
                <S>Add-PnPIndexedProperty</S>
                <S>Add-PnPJavaScriptBlock</S>
                <S>Add-PnPJavaScriptLink</S>
                <S>Add-PnPListFoldersToProvisioningTemplate</S>
                <S>Add-PnPListItem</S>
                <S>Add-PnPMasterPage</S>
                <S>Add-PnPMicrosoft365GroupMember</S>
                <S>Add-PnPMicrosoft365GroupOwner</S>
                <S>Add-PnPMicrosoft365GroupToSite</S>
                <S>Add-PnPNavigationNode</S>
                <S>Test-PnPOffice365GroupAliasIsUsed</S>
                <S>Add-PnPOrgAssetsLibrary</S>
                <S>Add-PnPOrgNewsSite</S>
                <S>Add-PnPProvisioningTemplate</S>
                <S>Add-PnPPublishingImageRendition</S>
                <S>Add-PnPPublishingPage</S>
                <S>Add-PnPPublishingPageLayout</S>
                <S>Add-PnPRoleDefinition</S>
                <S>Add-PnPSiteClassification</S>
                <S>Add-PnPSiteCollectionAdmin</S>
                <S>Add-PnPSiteCollectionAppCatalog</S>
                <S>Add-PnPSiteDesign</S>
                <S>Add-PnPSiteDesignTask</S>
                <S>Add-PnPSiteScript</S>
                <S>Add-PnPStoredCredential</S>
                <S>Add-PnPTaxonomyField</S>
                <S>Add-PnPTeamsChannel</S>
                <S>Add-PnPTeamsTab</S>
                <S>Add-PnPTeamsTeam</S>
                <S>Add-PnPTeamsUser</S>
                <S>Add-PnPTenantCdnOrigin</S>
                <S>Add-PnPTenantSequence</S>
                <S>Add-PnPTenantSequenceSite</S>
                <S>Add-PnPTenantSequenceSubSite</S>
                <S>Add-PnPTenantTheme</S>
                <S>Add-PnPUserToGroup</S>
                <S>Add-PnPView</S>
                <S>Add-PnPWebhookSubscription</S>
                <S>Add-PnPWebPartToWebPartPage</S>
                <S>Add-PnPWebPartToWikiPage</S>
                <S>Add-PnPWikiPage</S>
                <S>Add-PnPWorkflowDefinition</S>
                <S>Add-PnPWorkflowSubscription</S>
                <S>Apply-PnPProvisioningTemplate</S>
                <S>Set-PnPSitePolicy</S>
                <S>Apply-PnPTenantTemplate</S>
                <S>Approve-PnPTenantServicePrincipalPermissionRequest</S>
                <S>Clear-PnPDefaultColumnValues</S>
                <S>Clear-PnPListItemAsRecord</S>
                <S>Clear-PnPMicrosoft365GroupMember</S>
                <S>Clear-PnPMicrosoft365GroupOwner</S>
                <S>Clear-PnPRecycleBinItem</S>
                <S>Clear-PnPTenantAppCatalogUrl</S>
                <S>Clear-PnPTenantRecycleBinItem</S>
                <S>Connect-PnPOnline</S>
                <S>Convert-PnPFolderToProvisioningTemplate</S>
                <S>Convert-PnPProvisioningTemplate</S>
                <S>ConvertTo-PnPClientSidePage</S>
                <S>Copy-PnPFile</S>
                <S>Deny-PnPTenantServicePrincipalPermissionRequest</S>
                <S>Disable-PnPFeature</S>
                <S>Disable-PnPInPlaceRecordsManagementForSite</S>
                <S>Disable-PnPPowerShellTelemetry</S>
                <S>Disable-PnPResponsiveUI</S>
                <S>Disable-PnPSharingForNonOwnersOfSite</S>
                <S>Disable-PnPSiteClassification</S>
                <S>Disable-PnPTenantServicePrincipal</S>
                <S>Disconnect-PnPOnline</S>
                <S>Enable-PnPCommSite</S>
                <S>Enable-PnPFeature</S>
                <S>Enable-PnPInPlaceRecordsManagementForSite</S>
                <S>Enable-PnPPowerShellTelemetry</S>
                <S>Enable-PnPResponsiveUI</S>
                <S>Enable-PnPSiteClassification</S>
                <S>Enable-PnPTenantServicePrincipal</S>
                <S>Get-PnPProperty</S>
                <S>Export-PnPClientSidePage</S>
                <S>Export-PnPClientSidePageMapping</S>
                <S>Export-PnPListToProvisioningTemplate</S>
                <S>Export-PnPTaxonomy</S>
                <S>Export-PnPTermGroupToXml</S>
                <S>Find-PnPFile</S>
                <S>Get-PnPAADUser</S>
                <S>Get-PnPAlert</S>
                <S>Get-PnPApp</S>
                <S>Get-PnPAppInstance</S>
                <S>Get-PnPApplicationCustomizer</S>
                <S>Get-PnPAuditing</S>
                <S>Get-PnPAuthenticationRealm</S>
                <S>Get-PnPAvailableClientSideComponents</S>
                <S>Get-PnPAvailableLanguage</S>
                <S>Get-PnPClientSideComponent</S>
                <S>Get-PnPClientSidePage</S>
                <S>Get-PnPContentType</S>
                <S>Get-PnPContentTypePublishingHubUrl</S>
                <S>Get-PnPCustomAction</S>
                <S>Get-PnPDefaultColumnValues</S>
                <S>Get-PnPDeletedMicrosoft365Group</S>
                <S>Get-PnPDocumentSetTemplate</S>
                <S>Get-PnPEventReceiver</S>
                <S>Get-PnPException</S>
                <S>Get-PnPFeature</S>
                <S>Get-PnPField</S>
                <S>Get-PnPFile</S>
                <S>Get-PnPFileVersion</S>
                <S>Get-PnPFolder</S>
                <S>Get-PnPFolderItem</S>
                <S>Get-PnPGraphAccessToken</S>
                <S>Get-PnPGraphSubscription</S>
                <S>Get-PnPGroup</S>
                <S>Get-PnPGroupMembers</S>
                <S>Get-PnPGroupPermissions</S>
                <S>Get-PnPHealthScore</S>
                <S>Get-PnPHideDefaultThemes</S>
                <S>Get-PnPHomePage</S>
                <S>Get-PnPHomeSite</S>
                <S>Get-PnPHubSite</S>
                <S>Get-PnPHubSiteChild</S>
                <S>Get-PnPIndexedPropertyKeys</S>
                <S>Get-PnPInPlaceRecordsManagement</S>
                <S>Get-PnPIsSiteAliasAvailable</S>
                <S>Get-PnPJavaScriptLink</S>
                <S>Get-PnPKnowledgeHubSite</S>
                <S>Get-PnPLabel</S>
                <S>Get-PnPList</S>
                <S>Get-PnPListInformationRightsManagement</S>
                <S>Get-PnPListItem</S>
                <S>Get-PnPListRecordDeclaration</S>
                <S>Get-PnPManagementApiAccessToken</S>
                <S>Get-PnPMasterPage</S>
                <S>Get-PnPMicrosoft365Group</S>
                <S>Get-PnPMicrosoft365GroupMembers</S>
                <S>Get-PnPMicrosoft365GroupOwners</S>
                <S>Get-PnPNavigationNode</S>
                <S>Get-PnPOffice365CurrentServiceStatus</S>
                <S>Get-PnPOffice365HistoricalServiceStatus</S>
                <S>Get-PnPOffice365ServiceMessage</S>
                <S>Get-PnPOffice365Services</S>
                <S>Get-PnPOfficeManagementApiAccessToken</S>
                <S>Get-PnPOrgAssetsLibrary</S>
                <S>Get-PnPOrgNewsSite</S>
                <S>Get-PnPAccessToken</S>
                <S>Get-PnPAzureCertificate</S>
                <S>Get-PnPAppAuthAccessToken</S>
                <S>Get-PnPConnection</S>
                <S>Get-PnPSiteCollectionTermStore</S>
                <S>Get-PnPStorageEntity</S>
                <S>Get-PnPTenantSyncClientRestriction</S>
                <S>Get-PnPPowerShellTelemetryEnabled</S>
                <S>Get-PnPPropertyBag</S>
                <S>Get-PnPProvisioningTemplate</S>
                <S>Get-PnPPublishingImageRendition</S>
                <S>Get-PnPRecycleBinItem</S>
                <S>Get-PnPRequestAccessEmails</S>
                <S>Get-PnPRoleDefinition</S>
                <S>Get-PnPSearchConfiguration</S>
                <S>Get-PnPSearchCrawlLog</S>
                <S>Get-PnPSearchSettings</S>
                <S>Get-PnPSharingForNonOwnersOfSite</S>
                <S>Get-PnPSite</S>
                <S>Get-PnPSiteClassification</S>
                <S>Get-PnPSiteClosure</S>
                <S>Get-PnPSiteCollectionAdmin</S>
                <S>Get-PnPSiteDesign</S>
                <S>Get-PnPSiteDesignRights</S>
                <S>Get-PnPSiteDesignRun</S>
                <S>Get-PnPSiteDesignRunStatus</S>
                <S>Get-PnPSiteDesignTask</S>
                <S>Get-PnPSitePolicy</S>
                <S>Get-PnPSiteScript</S>
                <S>Get-PnPSiteScriptFromList</S>
                <S>Get-PnPSiteScriptFromWeb</S>
                <S>Get-PnPSiteSearchQueryResults</S>
                <S>Get-PnPContext</S>
                <S>Get-PnPStoredCredential</S>
                <S>Get-PnPSubWebs</S>
                <S>Get-PnPTaxonomyItem</S>
                <S>Get-PnPTaxonomySession</S>
                <S>Get-PnPTeamsApp</S>
                <S>Get-PnPTeamsChannel</S>
                <S>Get-PnPTeamsChannelMessage</S>
                <S>Get-PnPTeamsTab</S>
                <S>Get-PnPTeamsTeam</S>
                <S>Get-PnPTeamsUser</S>
                <S>Get-PnPTenant</S>
                <S>Get-PnPTenantAppCatalogUrl</S>
                <S>Get-PnPTenantCdnEnabled</S>
                <S>Get-PnPTenantCdnOrigin</S>
                <S>Get-PnPTenantCdnPolicies</S>
                <S>Get-PnPTenantId</S>
                <S>Get-PnPTenantRecycleBinItem</S>
                <S>Get-PnPTenantSequence</S>
                <S>Get-PnPTenantSequenceSite</S>
                <S>Get-PnPTenantServicePrincipal</S>
                <S>Get-PnPTenantServicePrincipalPermissionGrants</S>
                <S>Get-PnPTenantServicePrincipalPermissionRequests</S>
                <S>Get-PnPTenantSite</S>
                <S>Get-PnPTenantTemplate</S>
                <S>Get-PnPTenantTheme</S>
                <S>Get-PnPTerm</S>
                <S>Get-PnPTermGroup</S>
                <S>Get-PnPTermSet</S>
                <S>Get-PnPFooter</S>
                <S>Get-PnPTheme</S>
                <S>Get-PnPTimeZoneId</S>
                <S>Get-PnPUnifiedAuditLog</S>
                <S>Get-PnPUPABulkImportStatus</S>
                <S>Get-PnPUser</S>
                <S>Get-PnPUserOneDriveQuota</S>
                <S>Get-PnPUserProfileProperty</S>
                <S>Get-PnPView</S>
                <S>Get-PnPWeb</S>
                <S>Get-PnPWebhookSubscriptions</S>
                <S>Get-PnPWebPart</S>
                <S>Get-PnPWebPartProperty</S>
                <S>Get-PnPWebPartXml</S>
                <S>Get-PnPWebTemplates</S>
                <S>Get-PnPWikiPageContent</S>
                <S>Get-PnPWorkflowDefinition</S>
                <S>Get-PnPWorkflowInstance</S>
                <S>Get-PnPWorkflowSubscription</S>
                <S>Grant-PnPHubSiteRights</S>
                <S>Grant-PnPSiteDesignRights</S>
                <S>Grant-PnPTenantServicePrincipalPermission</S>
                <S>Import-PnPAppPackage</S>
                <S>Import-PnPTaxonomy</S>
                <S>Import-PnPTermGroupFromXml</S>
                <S>Import-PnPTermSet</S>
                <S>Initialize-PnPPowerShellAuthentication</S>
                <S>Install-PnPApp</S>
                <S>Install-PnPSolution</S>
                <S>Invoke-PnPQuery</S>
                <S>Invoke-PnPSiteDesign</S>
                <S>Invoke-PnPSPRestMethod</S>
                <S>Invoke-PnPWebAction</S>
                <S>Measure-PnPList</S>
                <S>Measure-PnPWeb</S>
                <S>Measure-PnPResponseTime</S>
                <S>Move-PnPClientSideComponent</S>
                <S>Move-PnPFile</S>
                <S>Move-PnPFolder</S>
                <S>Move-PnPListItemToRecycleBin</S>
                <S>Move-PnPRecycleBinItem</S>
                <S>New-PnPExtensibilityHandlerObject</S>
                <S>New-PnPGraphSubscription</S>
                <S>New-PnPGroup</S>
                <S>New-PnPList</S>
                <S>New-PnPPersonalSite</S>
                <S>New-PnPAzureCertificate</S>
                <S>New-PnPMicrosoft365Group</S>
                <S>New-PnPProvisioningTemplate</S>
                <S>New-PnPProvisioningTemplateFromFolder</S>
                <S>New-PnPSite</S>
                <S>New-PnPTeamsApp</S>
                <S>New-PnPTeamsTeam</S>
                <S>New-PnPTenantSequence</S>
                <S>New-PnPTenantSequenceCommunicationSite</S>
                <S>New-PnPTenantSequenceTeamNoGroupSite</S>
                <S>New-PnPTenantSequenceTeamNoGroupSubSite</S>
                <S>New-PnPTenantSequenceTeamSite</S>
                <S>New-PnPTenantSite</S>
                <S>New-PnPTenantTemplate</S>
                <S>New-PnPTerm</S>
                <S>New-PnPTermGroup</S>
                <S>New-PnPTermLabel</S>
                <S>New-PnPTermSet</S>
                <S>New-PnPUPABulkImportJob</S>
                <S>New-PnPUser</S>
                <S>New-PnPWeb</S>
                <S>Publish-PnPApp</S>
                <S>Read-PnPProvisioningTemplate</S>
                <S>Read-PnPTenantTemplate</S>
                <S>Register-PnPAppCatalogSite</S>
                <S>Register-PnPHubSite</S>
                <S>Register-PnPManagementShellAccess</S>
                <S>Remove-PnPAlert</S>
                <S>Remove-PnPApp</S>
                <S>Remove-PnPApplicationCustomizer</S>
                <S>Remove-PnPClientSideComponent</S>
                <S>Remove-PnPClientSidePage</S>
                <S>Remove-PnPContentType</S>
                <S>Remove-PnPContentTypeFromDocumentSet</S>
                <S>Remove-PnPContentTypeFromList</S>
                <S>Remove-PnPCustomAction</S>
                <S>Remove-PnPDeletedMicrosoft365Group</S>
                <S>Remove-PnPIndexedProperty</S>
                <S>Remove-PnPEventReceiver</S>
                <S>Remove-PnPField</S>
                <S>Remove-PnPFieldFromContentType</S>
                <S>Remove-PnPFile</S>
                <S>Remove-PnPFileFromProvisioningTemplate</S>
                <S>Remove-PnPFileVersion</S>
                <S>Remove-PnPFolder</S>
                <S>Remove-PnPGraphSubscription</S>
                <S>Remove-PnPGroup</S>
                <S>Remove-PnPHomeSite</S>
                <S>Remove-PnPHubSiteAssociation</S>
                <S>Remove-PnPJavaScriptLink</S>
                <S>Remove-PnPKnowledgeHubSite</S>
                <S>Remove-PnPList</S>
                <S>Remove-PnPListItem</S>
                <S>Remove-PnPMicrosoft365Group</S>
                <S>Remove-PnPMicrosoft365GroupMember</S>
                <S>Remove-PnPMicrosoft365GroupOwner</S>
                <S>Remove-PnPNavigationNode</S>
                <S>Remove-PnPOrgAssetsLibrary</S>
                <S>Remove-PnPOrgNewsSite</S>
                <S>Remove-PnPStorageEntity</S>
                <S>Remove-PnPPropertyBagValue</S>
                <S>Remove-PnPPublishingImageRendition</S>
                <S>Remove-PnPRoleDefinition</S>
                <S>Remove-PnPSearchConfiguration</S>
                <S>Remove-PnPTenantSite</S>
                <S>Remove-PnPSiteClassification</S>
                <S>Remove-PnPSiteCollectionAdmin</S>
                <S>Remove-PnPSiteCollectionAppCatalog</S>
                <S>Remove-PnPSiteDesign</S>
                <S>Remove-PnPSiteDesignTask</S>
                <S>Remove-PnPSiteScript</S>
                <S>Remove-PnPStoredCredential</S>
                <S>Remove-PnPTaxonomyItem</S>
                <S>Remove-PnPTeamsApp</S>
                <S>Remove-PnPTeamsChannel</S>
                <S>Remove-PnPTeamsTab</S>
                <S>Remove-PnPTeamsTeam</S>
                <S>Remove-PnPTeamsUser</S>
                <S>Remove-PnPTenantCdnOrigin</S>
                <S>Remove-PnPTenantTheme</S>
                <S>Remove-PnPTermGroup</S>
                <S>Remove-PnPUser</S>
                <S>Remove-PnPUserFromGroup</S>
                <S>Remove-PnPView</S>
                <S>Remove-PnPWeb</S>
                <S>Remove-PnPWebhookSubscription</S>
                <S>Remove-PnPWebPart</S>
                <S>Remove-PnPWikiPage</S>
                <S>Remove-PnPWorkflowDefinition</S>
                <S>Remove-PnPWorkflowSubscription</S>
                <S>Rename-PnPFile</S>
                <S>Rename-PnPFolder</S>
                <S>Request-PnPAccessToken</S>
                <S>Request-PnPReIndexList</S>
                <S>Request-PnPReIndexWeb</S>
                <S>Reset-PnPFileVersion</S>
                <S>Reset-PnPLabel</S>
                <S>Reset-PnPMicrosoft365GroupExpiration</S>
                <S>Reset-PnPUserOneDriveQuotaToDefault</S>
                <S>Resolve-PnPFolder</S>
                <S>Restore-PnPDeletedMicrosoft365Group</S>
                <S>Restore-PnPFileVersion</S>
                <S>Restore-PnPRecycleBinItem</S>
                <S>Restore-PnPTenantRecycleBinItem</S>
                <S>Resume-PnPWorkflowInstance</S>
                <S>Revoke-PnPHubSiteRights</S>
                <S>Revoke-PnPSiteDesignRights</S>
                <S>Revoke-PnPTenantServicePrincipalPermission</S>
                <S>Save-PnPClientSidePageConversionLog</S>
                <S>Save-PnPProvisioningTemplate</S>
                <S>Save-PnPTenantTemplate</S>
                <S>Send-PnPMail</S>
                <S>Set-PnPApplicationCustomizer</S>
                <S>Set-PnPAppSideLoading</S>
                <S>Set-PnPAuditing</S>
                <S>Set-PnPAvailablePageLayouts</S>
                <S>Set-PnPClientSidePage</S>
                <S>Set-PnPClientSideText</S>
                <S>Set-PnPClientSideWebPart</S>
                <S>Set-PnPContext</S>
                <S>Set-PnPDefaultColumnValues</S>
                <S>Set-PnPDefaultContentTypeToList</S>
                <S>Set-PnPDefaultPageLayout</S>
                <S>Set-PnPField</S>
                <S>Set-PnPDocumentSetField</S>
                <S>Set-PnPFileCheckedIn</S>
                <S>Set-PnPFileCheckedOut</S>
                <S>Set-PnPFolderPermission</S>
                <S>Set-PnPFooter</S>
                <S>Set-PnPGraphSubscription</S>
                <S>Set-PnPGroup</S>
                <S>Set-PnPGroupPermissions</S>
                <S>Set-PnPHideDefaultThemes</S>
                <S>Set-PnPHomePage</S>
                <S>Set-PnPHomeSite</S>
                <S>Set-PnPHubSite</S>
                <S>Set-PnPIndexedProperties</S>
                <S>Set-PnPInPlaceRecordsManagement</S>
                <S>Set-PnPKnowledgeHubSite</S>
                <S>Set-PnPLabel</S>
                <S>Set-PnPList</S>
                <S>Set-PnPListInformationRightsManagement</S>
                <S>Set-PnPListItem</S>
                <S>Set-PnPListItemAsRecord</S>
                <S>Set-PnPListItemPermission</S>
                <S>Set-PnPListPermission</S>
                <S>Set-PnPListRecordDeclaration</S>
                <S>Set-PnPMasterPage</S>
                <S>Set-PnPMicrosoft365Group</S>
                <S>Set-PnPMinimalDownloadStrategy</S>
                <S>Set-PnPStorageEntity</S>
                <S>Set-PnPPropertyBagValue</S>
                <S>Set-PnPProvisioningTemplateMetadata</S>
                <S>Set-PnPRequestAccessEmails</S>
                <S>Set-PnPSearchConfiguration</S>
                <S>Set-PnPSearchSettings</S>
                <S>Set-PnPSite</S>
                <S>Set-PnPSiteClosure</S>
                <S>Set-PnPSiteDesign</S>
                <S>Set-PnPSiteScript</S>
                <S>Set-PnPTaxonomyFieldValue</S>
                <S>Set-PnPTeamifyPromptHidden</S>
                <S>Set-PnPTeamsChannel</S>
                <S>Set-PnPTeamsTab</S>
                <S>Set-PnPTeamsTeam</S>
                <S>Set-PnPTeamsTeamArchivedState</S>
                <S>Set-PnPTeamsTeamPicture</S>
                <S>Set-PnPTenant</S>
                <S>Set-PnPTenantAppCatalogUrl</S>
                <S>Set-PnPTenantCdnEnabled</S>
                <S>Set-PnPTenantCdnPolicy</S>
                <S>Set-PnPTenantSite</S>
                <S>Set-PnPTenantSyncClientRestriction</S>
                <S>Set-PnPTermGroup</S>
                <S>Set-PnPTermSet</S>
                <S>Set-PnPTheme</S>
                <S>Set-PnPTraceLog</S>
                <S>Set-PnPUserOneDriveQuota</S>
                <S>Set-PnPUserProfileProperty</S>
                <S>Set-PnPView</S>
                <S>Set-PnPWeb</S>
                <S>Set-PnPWebhookSubscription</S>
                <S>Set-PnPWebPartProperty</S>
                <S>Set-PnPWebPermission</S>
                <S>Set-PnPWebTheme</S>
                <S>Set-PnPWikiPageContent</S>
                <S>Copy-PnPItemProxy</S>
                <S>Move-PnPItemProxy</S>
                <S>Start-PnPWorkflowInstance</S>
                <S>Stop-PnPWorkflowInstance</S>
                <S>Submit-PnPSearchQuery</S>
                <S>Submit-PnPTeamsChannelMessage</S>
                <S>Sync-PnPAppToTeams</S>
                <S>Test-PnPListItemIsRecord</S>
                <S>Test-PnPTenantTemplate</S>
                <S>Uninstall-PnPApp</S>
                <S>Uninstall-PnPAppInstance</S>
                <S>Uninstall-PnPSolution</S>
                <S>Unpublish-PnPApp</S>
                <S>Unregister-PnPHubSite</S>
                <S>Update-PnPApp</S>
                <S>Update-PnPSiteClassification</S>
                <S>Update-PnPTeamsApp</S>
              </LST>
            </Obj>
          </En>
          <En>
            <S N="Key">DscResource</S>
            <Ref N="Value" RefId="4" />
          </En>
          <En>
            <S N="Key">Function</S>
            <Ref N="Value" RefId="4" />
          </En>
          <En>
            <S N="Key">Cmdlet</S>
            <Obj N="Value" RefId="6">
              <TNRef RefId="1" />
              <LST>
                <S>Add-PnPAlert</S>
                <S>Add-PnPApp</S>
                <S>Add-PnPApplicationCustomizer</S>
                <S>Add-PnPClientSidePage</S>
                <S>Add-PnPClientSidePageSection</S>
                <S>Add-PnPClientSideText</S>
                <S>Add-PnPClientSideWebPart</S>
                <S>Add-PnPContentType</S>
                <S>Add-PnPContentTypeToDocumentSet</S>
                <S>Add-PnPContentTypeToList</S>
                <S>Add-PnPCustomAction</S>
                <S>Add-PnPDataRowsToProvisioningTemplate</S>
                <S>Add-PnPDocumentSet</S>
                <S>Add-PnPEventReceiver</S>
                <S>Add-PnPField</S>
                <S>Add-PnPFieldFromXml</S>
                <S>Add-PnPFieldToContentType</S>
                <S>Add-PnPFile</S>
                <S>Add-PnPFileToProvisioningTemplate</S>
                <S>Add-PnPFolder</S>
                <S>Add-PnPHtmlPublishingPageLayout</S>
                <S>Add-PnPHubSiteAssociation</S>
                <S>Add-PnPIndexedProperty</S>
                <S>Add-PnPJavaScriptBlock</S>
                <S>Add-PnPJavaScriptLink</S>
                <S>Add-PnPListFoldersToProvisioningTemplate</S>
                <S>Add-PnPListItem</S>
                <S>Add-PnPMasterPage</S>
                <S>Add-PnPMicrosoft365GroupMember</S>
                <S>Add-PnPMicrosoft365GroupOwner</S>
                <S>Add-PnPMicrosoft365GroupToSite</S>
                <S>Add-PnPNavigationNode</S>
                <S>Test-PnPOffice365GroupAliasIsUsed</S>
                <S>Add-PnPOrgAssetsLibrary</S>
                <S>Add-PnPOrgNewsSite</S>
                <S>Add-PnPProvisioningTemplate</S>
                <S>Add-PnPPublishingImageRendition</S>
                <S>Add-PnPPublishingPage</S>
                <S>Add-PnPPublishingPageLayout</S>
                <S>Add-PnPRoleDefinition</S>
                <S>Add-PnPSiteClassification</S>
                <S>Add-PnPSiteCollectionAdmin</S>
                <S>Add-PnPSiteCollectionAppCatalog</S>
                <S>Add-PnPSiteDesign</S>
                <S>Add-PnPSiteDesignTask</S>
                <S>Add-PnPSiteScript</S>
                <S>Add-PnPStoredCredential</S>
                <S>Add-PnPTaxonomyField</S>
                <S>Add-PnPTeamsChannel</S>
                <S>Add-PnPTeamsTab</S>
                <S>Add-PnPTeamsTeam</S>
                <S>Add-PnPTeamsUser</S>
                <S>Add-PnPTenantCdnOrigin</S>
                <S>Add-PnPTenantSequence</S>
                <S>Add-PnPTenantSequenceSite</S>
                <S>Add-PnPTenantSequenceSubSite</S>
                <S>Add-PnPTenantTheme</S>
                <S>Add-PnPUserToGroup</S>
                <S>Add-PnPView</S>
                <S>Add-PnPWebhookSubscription</S>
                <S>Add-PnPWebPartToWebPartPage</S>
                <S>Add-PnPWebPartToWikiPage</S>
                <S>Add-PnPWikiPage</S>
                <S>Add-PnPWorkflowDefinition</S>
                <S>Add-PnPWorkflowSubscription</S>
                <S>Apply-PnPProvisioningTemplate</S>
                <S>Set-PnPSitePolicy</S>
                <S>Apply-PnPTenantTemplate</S>
                <S>Approve-PnPTenantServicePrincipalPermissionRequest</S>
                <S>Clear-PnPDefaultColumnValues</S>
                <S>Clear-PnPListItemAsRecord</S>
                <S>Clear-PnPMicrosoft365GroupMember</S>
                <S>Clear-PnPMicrosoft365GroupOwner</S>
                <S>Clear-PnPRecycleBinItem</S>
                <S>Clear-PnPTenantAppCatalogUrl</S>
                <S>Clear-PnPTenantRecycleBinItem</S>
                <S>Connect-PnPOnline</S>
                <S>Convert-PnPFolderToProvisioningTemplate</S>
                <S>Convert-PnPProvisioningTemplate</S>
                <S>ConvertTo-PnPClientSidePage</S>
                <S>Copy-PnPFile</S>
                <S>Deny-PnPTenantServicePrincipalPermissionRequest</S>
                <S>Disable-PnPFeature</S>
                <S>Disable-PnPInPlaceRecordsManagementForSite</S>
                <S>Disable-PnPPowerShellTelemetry</S>
                <S>Disable-PnPResponsiveUI</S>
                <S>Disable-PnPSharingForNonOwnersOfSite</S>
                <S>Disable-PnPSiteClassification</S>
                <S>Disable-PnPTenantServicePrincipal</S>
                <S>Disconnect-PnPOnline</S>
                <S>Enable-PnPCommSite</S>
                <S>Enable-PnPFeature</S>
                <S>Enable-PnPInPlaceRecordsManagementForSite</S>
                <S>Enable-PnPPowerShellTelemetry</S>
                <S>Enable-PnPResponsiveUI</S>
                <S>Enable-PnPSiteClassification</S>
                <S>Enable-PnPTenantServicePrincipal</S>
                <S>Get-PnPProperty</S>
                <S>Export-PnPClientSidePage</S>
                <S>Export-PnPClientSidePageMapping</S>
                <S>Export-PnPListToProvisioningTemplate</S>
                <S>Export-PnPTaxonomy</S>
                <S>Export-PnPTermGroupToXml</S>
                <S>Find-PnPFile</S>
                <S>Get-PnPAADUser</S>
                <S>Get-PnPAlert</S>
                <S>Get-PnPApp</S>
                <S>Get-PnPAppInstance</S>
                <S>Get-PnPApplicationCustomizer</S>
                <S>Get-PnPAuditing</S>
                <S>Get-PnPAuthenticationRealm</S>
                <S>Get-PnPAvailableClientSideComponents</S>
                <S>Get-PnPAvailableLanguage</S>
                <S>Get-PnPClientSideComponent</S>
                <S>Get-PnPClientSidePage</S>
                <S>Get-PnPContentType</S>
                <S>Get-PnPContentTypePublishingHubUrl</S>
                <S>Get-PnPCustomAction</S>
                <S>Get-PnPDefaultColumnValues</S>
                <S>Get-PnPDeletedMicrosoft365Group</S>
                <S>Get-PnPDocumentSetTemplate</S>
                <S>Get-PnPEventReceiver</S>
                <S>Get-PnPException</S>
                <S>Get-PnPFeature</S>
                <S>Get-PnPField</S>
                <S>Get-PnPFile</S>
                <S>Get-PnPFileVersion</S>
                <S>Get-PnPFolder</S>
                <S>Get-PnPFolderItem</S>
                <S>Get-PnPGraphAccessToken</S>
                <S>Get-PnPGraphSubscription</S>
                <S>Get-PnPGroup</S>
                <S>Get-PnPGroupMembers</S>
                <S>Get-PnPGroupPermissions</S>
                <S>Get-PnPHealthScore</S>
                <S>Get-PnPHideDefaultThemes</S>
                <S>Get-PnPHomePage</S>
                <S>Get-PnPHomeSite</S>
                <S>Get-PnPHubSite</S>
                <S>Get-PnPHubSiteChild</S>
                <S>Get-PnPIndexedPropertyKeys</S>
                <S>Get-PnPInPlaceRecordsManagement</S>
                <S>Get-PnPIsSiteAliasAvailable</S>
                <S>Get-PnPJavaScriptLink</S>
                <S>Get-PnPKnowledgeHubSite</S>
                <S>Get-PnPLabel</S>
                <S>Get-PnPList</S>
                <S>Get-PnPListInformationRightsManagement</S>
                <S>Get-PnPListItem</S>
                <S>Get-PnPListRecordDeclaration</S>
                <S>Get-PnPManagementApiAccessToken</S>
                <S>Get-PnPMasterPage</S>
                <S>Get-PnPMicrosoft365Group</S>
                <S>Get-PnPMicrosoft365GroupMembers</S>
                <S>Get-PnPMicrosoft365GroupOwners</S>
                <S>Get-PnPNavigationNode</S>
                <S>Get-PnPOffice365CurrentServiceStatus</S>
                <S>Get-PnPOffice365HistoricalServiceStatus</S>
                <S>Get-PnPOffice365ServiceMessage</S>
                <S>Get-PnPOffice365Services</S>
                <S>Get-PnPOfficeManagementApiAccessToken</S>
                <S>Get-PnPOrgAssetsLibrary</S>
                <S>Get-PnPOrgNewsSite</S>
                <S>Get-PnPAccessToken</S>
                <S>Get-PnPAzureCertificate</S>
                <S>Get-PnPAppAuthAccessToken</S>
                <S>Get-PnPConnection</S>
                <S>Get-PnPSiteCollectionTermStore</S>
                <S>Get-PnPStorageEntity</S>
                <S>Get-PnPTenantSyncClientRestriction</S>
                <S>Get-PnPPowerShellTelemetryEnabled</S>
                <S>Get-PnPPropertyBag</S>
                <S>Get-PnPProvisioningTemplate</S>
                <S>Get-PnPPublishingImageRendition</S>
                <S>Get-PnPRecycleBinItem</S>
                <S>Get-PnPRequestAccessEmails</S>
                <S>Get-PnPRoleDefinition</S>
                <S>Get-PnPSearchConfiguration</S>
                <S>Get-PnPSearchCrawlLog</S>
                <S>Get-PnPSearchSettings</S>
                <S>Get-PnPSharingForNonOwnersOfSite</S>
                <S>Get-PnPSite</S>
                <S>Get-PnPSiteClassification</S>
                <S>Get-PnPSiteClosure</S>
                <S>Get-PnPSiteCollectionAdmin</S>
                <S>Get-PnPSiteDesign</S>
                <S>Get-PnPSiteDesignRights</S>
                <S>Get-PnPSiteDesignRun</S>
                <S>Get-PnPSiteDesignRunStatus</S>
                <S>Get-PnPSiteDesignTask</S>
                <S>Get-PnPSitePolicy</S>
                <S>Get-PnPSiteScript</S>
                <S>Get-PnPSiteScriptFromList</S>
                <S>Get-PnPSiteScriptFromWeb</S>
                <S>Get-PnPSiteSearchQueryResults</S>
                <S>Get-PnPContext</S>
                <S>Get-PnPStoredCredential</S>
                <S>Get-PnPSubWebs</S>
                <S>Get-PnPTaxonomyItem</S>
                <S>Get-PnPTaxonomySession</S>
                <S>Get-PnPTeamsApp</S>
                <S>Get-PnPTeamsChannel</S>
                <S>Get-PnPTeamsChannelMessage</S>
                <S>Get-PnPTeamsTab</S>
                <S>Get-PnPTeamsTeam</S>
                <S>Get-PnPTeamsUser</S>
                <S>Get-PnPTenant</S>
                <S>Get-PnPTenantAppCatalogUrl</S>
                <S>Get-PnPTenantCdnEnabled</S>
                <S>Get-PnPTenantCdnOrigin</S>
                <S>Get-PnPTenantCdnPolicies</S>
                <S>Get-PnPTenantId</S>
                <S>Get-PnPTenantRecycleBinItem</S>
                <S>Get-PnPTenantSequence</S>
                <S>Get-PnPTenantSequenceSite</S>
                <S>Get-PnPTenantServicePrincipal</S>
                <S>Get-PnPTenantServicePrincipalPermissionGrants</S>
                <S>Get-PnPTenantServicePrincipalPermissionRequests</S>
                <S>Get-PnPTenantSite</S>
                <S>Get-PnPTenantTemplate</S>
                <S>Get-PnPTenantTheme</S>
                <S>Get-PnPTerm</S>
                <S>Get-PnPTermGroup</S>
                <S>Get-PnPTermSet</S>
                <S>Get-PnPFooter</S>
                <S>Get-PnPTheme</S>
                <S>Get-PnPTimeZoneId</S>
                <S>Get-PnPUnifiedAuditLog</S>
                <S>Get-PnPUPABulkImportStatus</S>
                <S>Get-PnPUser</S>
                <S>Get-PnPUserOneDriveQuota</S>
                <S>Get-PnPUserProfileProperty</S>
                <S>Get-PnPView</S>
                <S>Get-PnPWeb</S>
                <S>Get-PnPWebhookSubscriptions</S>
                <S>Get-PnPWebPart</S>
                <S>Get-PnPWebPartProperty</S>
                <S>Get-PnPWebPartXml</S>
                <S>Get-PnPWebTemplates</S>
                <S>Get-PnPWikiPageContent</S>
                <S>Get-PnPWorkflowDefinition</S>
                <S>Get-PnPWorkflowInstance</S>
                <S>Get-PnPWorkflowSubscription</S>
                <S>Grant-PnPHubSiteRights</S>
                <S>Grant-PnPSiteDesignRights</S>
                <S>Grant-PnPTenantServicePrincipalPermission</S>
                <S>Import-PnPAppPackage</S>
                <S>Import-PnPTaxonomy</S>
                <S>Import-PnPTermGroupFromXml</S>
                <S>Import-PnPTermSet</S>
                <S>Initialize-PnPPowerShellAuthentication</S>
                <S>Install-PnPApp</S>
                <S>Install-PnPSolution</S>
                <S>Invoke-PnPQuery</S>
                <S>Invoke-PnPSiteDesign</S>
                <S>Invoke-PnPSPRestMethod</S>
                <S>Invoke-PnPWebAction</S>
                <S>Measure-PnPList</S>
                <S>Measure-PnPWeb</S>
                <S>Measure-PnPResponseTime</S>
                <S>Move-PnPClientSideComponent</S>
                <S>Move-PnPFile</S>
                <S>Move-PnPFolder</S>
                <S>Move-PnPListItemToRecycleBin</S>
                <S>Move-PnPRecycleBinItem</S>
                <S>New-PnPExtensibilityHandlerObject</S>
                <S>New-PnPGraphSubscription</S>
                <S>New-PnPGroup</S>
                <S>New-PnPList</S>
                <S>New-PnPPersonalSite</S>
                <S>New-PnPAzureCertificate</S>
                <S>New-PnPMicrosoft365Group</S>
                <S>New-PnPProvisioningTemplate</S>
                <S>New-PnPProvisioningTemplateFromFolder</S>
                <S>New-PnPSite</S>
                <S>New-PnPTeamsApp</S>
                <S>New-PnPTeamsTeam</S>
                <S>New-PnPTenantSequence</S>
                <S>New-PnPTenantSequenceCommunicationSite</S>
                <S>New-PnPTenantSequenceTeamNoGroupSite</S>
                <S>New-PnPTenantSequenceTeamNoGroupSubSite</S>
                <S>New-PnPTenantSequenceTeamSite</S>
                <S>New-PnPTenantSite</S>
                <S>New-PnPTenantTemplate</S>
                <S>New-PnPTerm</S>
                <S>New-PnPTermGroup</S>
                <S>New-PnPTermLabel</S>
                <S>New-PnPTermSet</S>
                <S>New-PnPUPABulkImportJob</S>
                <S>New-PnPUser</S>
                <S>New-PnPWeb</S>
                <S>Publish-PnPApp</S>
                <S>Read-PnPProvisioningTemplate</S>
                <S>Read-PnPTenantTemplate</S>
                <S>Register-PnPAppCatalogSite</S>
                <S>Register-PnPHubSite</S>
                <S>Register-PnPManagementShellAccess</S>
                <S>Remove-PnPAlert</S>
                <S>Remove-PnPApp</S>
                <S>Remove-PnPApplicationCustomizer</S>
                <S>Remove-PnPClientSideComponent</S>
                <S>Remove-PnPClientSidePage</S>
                <S>Remove-PnPContentType</S>
                <S>Remove-PnPContentTypeFromDocumentSet</S>
                <S>Remove-PnPContentTypeFromList</S>
                <S>Remove-PnPCustomAction</S>
                <S>Remove-PnPDeletedMicrosoft365Group</S>
                <S>Remove-PnPIndexedProperty</S>
                <S>Remove-PnPEventReceiver</S>
                <S>Remove-PnPField</S>
                <S>Remove-PnPFieldFromContentType</S>
                <S>Remove-PnPFile</S>
                <S>Remove-PnPFileFromProvisioningTemplate</S>
                <S>Remove-PnPFileVersion</S>
                <S>Remove-PnPFolder</S>
                <S>Remove-PnPGraphSubscription</S>
                <S>Remove-PnPGroup</S>
                <S>Remove-PnPHomeSite</S>
                <S>Remove-PnPHubSiteAssociation</S>
                <S>Remove-PnPJavaScriptLink</S>
                <S>Remove-PnPKnowledgeHubSite</S>
                <S>Remove-PnPList</S>
                <S>Remove-PnPListItem</S>
                <S>Remove-PnPMicrosoft365Group</S>
                <S>Remove-PnPMicrosoft365GroupMember</S>
                <S>Remove-PnPMicrosoft365GroupOwner</S>
                <S>Remove-PnPNavigationNode</S>
                <S>Remove-PnPOrgAssetsLibrary</S>
                <S>Remove-PnPOrgNewsSite</S>
                <S>Remove-PnPStorageEntity</S>
                <S>Remove-PnPPropertyBagValue</S>
                <S>Remove-PnPPublishingImageRendition</S>
                <S>Remove-PnPRoleDefinition</S>
                <S>Remove-PnPSearchConfiguration</S>
                <S>Remove-PnPTenantSite</S>
                <S>Remove-PnPSiteClassification</S>
                <S>Remove-PnPSiteCollectionAdmin</S>
                <S>Remove-PnPSiteCollectionAppCatalog</S>
                <S>Remove-PnPSiteDesign</S>
                <S>Remove-PnPSiteDesignTask</S>
                <S>Remove-PnPSiteScript</S>
                <S>Remove-PnPStoredCredential</S>
                <S>Remove-PnPTaxonomyItem</S>
                <S>Remove-PnPTeamsApp</S>
                <S>Remove-PnPTeamsChannel</S>
                <S>Remove-PnPTeamsTab</S>
                <S>Remove-PnPTeamsTeam</S>
                <S>Remove-PnPTeamsUser</S>
                <S>Remove-PnPTenantCdnOrigin</S>
                <S>Remove-PnPTenantTheme</S>
                <S>Remove-PnPTermGroup</S>
                <S>Remove-PnPUser</S>
                <S>Remove-PnPUserFromGroup</S>
                <S>Remove-PnPView</S>
                <S>Remove-PnPWeb</S>
                <S>Remove-PnPWebhookSubscription</S>
                <S>Remove-PnPWebPart</S>
                <S>Remove-PnPWikiPage</S>
                <S>Remove-PnPWorkflowDefinition</S>
                <S>Remove-PnPWorkflowSubscription</S>
                <S>Rename-PnPFile</S>
                <S>Rename-PnPFolder</S>
                <S>Request-PnPAccessToken</S>
                <S>Request-PnPReIndexList</S>
                <S>Request-PnPReIndexWeb</S>
                <S>Reset-PnPFileVersion</S>
                <S>Reset-PnPLabel</S>
                <S>Reset-PnPMicrosoft365GroupExpiration</S>
                <S>Reset-PnPUserOneDriveQuotaToDefault</S>
                <S>Resolve-PnPFolder</S>
                <S>Restore-PnPDeletedMicrosoft365Group</S>
                <S>Restore-PnPFileVersion</S>
                <S>Restore-PnPRecycleBinItem</S>
                <S>Restore-PnPTenantRecycleBinItem</S>
                <S>Resume-PnPWorkflowInstance</S>
                <S>Revoke-PnPHubSiteRights</S>
                <S>Revoke-PnPSiteDesignRights</S>
                <S>Revoke-PnPTenantServicePrincipalPermission</S>
                <S>Save-PnPClientSidePageConversionLog</S>
                <S>Save-PnPProvisioningTemplate</S>
                <S>Save-PnPTenantTemplate</S>
                <S>Send-PnPMail</S>
                <S>Set-PnPApplicationCustomizer</S>
                <S>Set-PnPAppSideLoading</S>
                <S>Set-PnPAuditing</S>
                <S>Set-PnPAvailablePageLayouts</S>
                <S>Set-PnPClientSidePage</S>
                <S>Set-PnPClientSideText</S>
                <S>Set-PnPClientSideWebPart</S>
                <S>Set-PnPContext</S>
                <S>Set-PnPDefaultColumnValues</S>
                <S>Set-PnPDefaultContentTypeToList</S>
                <S>Set-PnPDefaultPageLayout</S>
                <S>Set-PnPField</S>
                <S>Set-PnPDocumentSetField</S>
                <S>Set-PnPFileCheckedIn</S>
                <S>Set-PnPFileCheckedOut</S>
                <S>Set-PnPFolderPermission</S>
                <S>Set-PnPFooter</S>
                <S>Set-PnPGraphSubscription</S>
                <S>Set-PnPGroup</S>
                <S>Set-PnPGroupPermissions</S>
                <S>Set-PnPHideDefaultThemes</S>
                <S>Set-PnPHomePage</S>
                <S>Set-PnPHomeSite</S>
                <S>Set-PnPHubSite</S>
                <S>Set-PnPIndexedProperties</S>
                <S>Set-PnPInPlaceRecordsManagement</S>
                <S>Set-PnPKnowledgeHubSite</S>
                <S>Set-PnPLabel</S>
                <S>Set-PnPList</S>
                <S>Set-PnPListInformationRightsManagement</S>
                <S>Set-PnPListItem</S>
                <S>Set-PnPListItemAsRecord</S>
                <S>Set-PnPListItemPermission</S>
                <S>Set-PnPListPermission</S>
                <S>Set-PnPListRecordDeclaration</S>
                <S>Set-PnPMasterPage</S>
                <S>Set-PnPMicrosoft365Group</S>
                <S>Set-PnPMinimalDownloadStrategy</S>
                <S>Set-PnPStorageEntity</S>
                <S>Set-PnPPropertyBagValue</S>
                <S>Set-PnPProvisioningTemplateMetadata</S>
                <S>Set-PnPRequestAccessEmails</S>
                <S>Set-PnPSearchConfiguration</S>
                <S>Set-PnPSearchSettings</S>
                <S>Set-PnPSite</S>
                <S>Set-PnPSiteClosure</S>
                <S>Set-PnPSiteDesign</S>
                <S>Set-PnPSiteScript</S>
                <S>Set-PnPTaxonomyFieldValue</S>
                <S>Set-PnPTeamifyPromptHidden</S>
                <S>Set-PnPTeamsChannel</S>
                <S>Set-PnPTeamsTab</S>
                <S>Set-PnPTeamsTeam</S>
                <S>Set-PnPTeamsTeamArchivedState</S>
                <S>Set-PnPTeamsTeamPicture</S>
                <S>Set-PnPTenant</S>
                <S>Set-PnPTenantAppCatalogUrl</S>
                <S>Set-PnPTenantCdnEnabled</S>
                <S>Set-PnPTenantCdnPolicy</S>
                <S>Set-PnPTenantSite</S>
                <S>Set-PnPTenantSyncClientRestriction</S>
                <S>Set-PnPTermGroup</S>
                <S>Set-PnPTermSet</S>
                <S>Set-PnPTheme</S>
                <S>Set-PnPTraceLog</S>
                <S>Set-PnPUserOneDriveQuota</S>
                <S>Set-PnPUserProfileProperty</S>
                <S>Set-PnPView</S>
                <S>Set-PnPWeb</S>
                <S>Set-PnPWebhookSubscription</S>
                <S>Set-PnPWebPartProperty</S>
                <S>Set-PnPWebPermission</S>
                <S>Set-PnPWebTheme</S>
                <S>Set-PnPWikiPageContent</S>
                <S>Copy-PnPItemProxy</S>
                <S>Move-PnPItemProxy</S>
                <S>Start-PnPWorkflowInstance</S>
                <S>Stop-PnPWorkflowInstance</S>
                <S>Submit-PnPSearchQuery</S>
                <S>Submit-PnPTeamsChannelMessage</S>
                <S>Sync-PnPAppToTeams</S>
                <S>Test-PnPListItemIsRecord</S>
                <S>Test-PnPTenantTemplate</S>
                <S>Uninstall-PnPApp</S>
                <S>Uninstall-PnPAppInstance</S>
                <S>Uninstall-PnPSolution</S>
                <S>Unpublish-PnPApp</S>
                <S>Unregister-PnPHubSite</S>
                <S>Update-PnPApp</S>
                <S>Update-PnPSiteClassification</S>
                <S>Update-PnPTeamsApp</S>
              </LST>
            </Obj>
          </En>
        </DCT>
      </Obj>
      <Nil N="PowerShellGetFormatVersion" />
      <Nil N="ReleaseNotes" />
      <Obj N="Dependencies" RefId="7">
        <TNRef RefId="1" />
        <LST />
      </Obj>
      <S N="RepositorySourceLocation">https://www.powershellgallery.com/api/v2</S>
      <S N="Repository">PSGallery</S>
      <S N="PackageManagementProvider">NuGet</S>
      <Obj N="AdditionalMetadata" RefId="8">
        <TN RefId="3">
          <T>System.Management.Automation.PSCustomObject</T>
          <T>System.Object</T>
        </TN>
        <MS>
          <S N="description">Microsoft 365 Patterns and Practices PowerShell Cmdlets for SharePoint Online</S>
          <S N="requireLicenseAcceptance">False</S>
          <S N="isLatestVersion">True</S>
          <S N="isAbsoluteLatestVersion">True</S>
          <S N="versionDownloadCount">22457848</S>
          <S N="downloadCount">28106173</S>
          <S N="packageSize">15046506</S>
          <S N="published">19/01/2021 8:29:08 AM +10:00</S>
          <S N="created">19/01/2021 8:29:08 AM +10:00</S>
          <S N="lastUpdated">21/06/2024 12:13:23 AM +10:00</S>
          <S N="tags">PSModule PSCmdlet_Add-PnPAlert PSCommand_Add-PnPAlert PSCmdlet_Add-PnPApp PSCommand_Add-PnPApp PSCmdlet_Add-PnPApplicationCustomizer PSCommand_Add-PnPApplicationCustomizer PSCmdlet_Add-PnPClientSidePage PSCommand_Add-PnPClientSidePage PSCmdlet_Add-PnPClientSidePageSection PSCommand_Add-PnPClientSidePageSection PSCmdlet_Add-PnPClientSideText PSCommand_Add-PnPClientSideText PSCmdlet_Add-PnPClientSideWebPart PSCommand_Add-PnPClientSideWebPart PSCmdlet_Add-PnPContentType PSCommand_Add-PnPContentType PSCmdlet_Add-PnPContentTypeToDocumentSet PSCommand_Add-PnPContentTypeToDocumentSet PSCmdlet_Add-PnPContentTypeToList PSCommand_Add-PnPContentTypeToList PSCmdlet_Add-PnPCustomAction PSCommand_Add-PnPCustomAction PSCmdlet_Add-PnPDataRowsToProvisioningTemplate PSCommand_Add-PnPDataRowsToProvisioningTemplate PSCmdlet_Add-PnPDocumentSet PSCommand_Add-PnPDocumentSet PSCmdlet_Add-PnPEventReceiver PSCommand_Add-PnPEventReceiver PSCmdlet_Add-PnPField PSCommand_Add-PnPField PSCmdlet_Add-PnPFieldFromXml PSCommand_Add-PnPFieldFromXml PSCmdlet_Add-PnPFieldToContentType PSCommand_Add-PnPFieldToContentType PSCmdlet_Add-PnPFile PSCommand_Add-PnPFile PSCmdlet_Add-PnPFileToProvisioningTemplate PSCommand_Add-PnPFileToProvisioningTemplate PSCmdlet_Add-PnPFolder PSCommand_Add-PnPFolder PSCmdlet_Add-PnPHtmlPublishingPageLayout PSCommand_Add-PnPHtmlPublishingPageLayout PSCmdlet_Add-PnPHubSiteAssociation PSCommand_Add-PnPHubSiteAssociation PSCmdlet_Add-PnPIndexedProperty PSCommand_Add-PnPIndexedProperty PSCmdlet_Add-PnPJavaScriptBlock PSCommand_Add-PnPJavaScriptBlock PSCmdlet_Add-PnPJavaScriptLink PSCommand_Add-PnPJavaScriptLink PSCmdlet_Add-PnPListFoldersToProvisioningTemplate PSCommand_Add-PnPListFoldersToProvisioningTemplate PSCmdlet_Add-PnPListItem PSCommand_Add-PnPListItem PSCmdlet_Add-PnPMasterPage PSCommand_Add-PnPMasterPage PSCmdlet_Add-PnPMicrosoft365GroupMember PSCommand_Add-PnPMicrosoft365GroupMember PSCmdlet_Add-PnPMicrosoft365GroupOwner PSCommand_Add-PnPMicrosoft365GroupOwner PSCmdlet_Add-PnPMicrosoft365GroupToSite PSCommand_Add-PnPMicrosoft365GroupToSite PSCmdlet_Add-PnPNavigationNode PSCommand_Add-PnPNavigationNode PSCmdlet_Test-PnPOffice365GroupAliasIsUsed PSCommand_Test-PnPOffice365GroupAliasIsUsed PSCmdlet_Add-PnPOrgAssetsLibrary PSCommand_Add-PnPOrgAssetsLibrary PSCmdlet_Add-PnPOrgNewsSite PSCommand_Add-PnPOrgNewsSite PSCmdlet_Add-PnPProvisioningTemplate PSCommand_Add-PnPProvisioningTemplate PSCmdlet_Add-PnPPublishingImageRendition PSCommand_Add-PnPPublishingImageRendition PSCmdlet_Add-PnPPublishingPage PSCommand_Add-PnPPublishingPage PSCmdlet_Add-PnPPublishingPageLayout PSCommand_Add-PnPPublishingPageLayout PSCmdlet_Add-PnPRoleDefinition PSCommand_Add-PnPRoleDefinition PSCmdlet_Add-PnPSiteClassification PSCommand_Add-PnPSiteClassification PSCmdlet_Add-PnPSiteCollectionAdmin PSCommand_Add-PnPSiteCollectionAdmin PSCmdlet_Add-PnPSiteCollectionAppCatalog PSCommand_Add-PnPSiteCollectionAppCatalog PSCmdlet_Add-PnPSiteDesign PSCommand_Add-PnPSiteDesign PSCmdlet_Add-PnPSiteDesignTask PSCommand_Add-PnPSiteDesignTask PSCmdlet_Add-PnPSiteScript PSCommand_Add-PnPSiteScript PSCmdlet_Add-PnPStoredCredential PSCommand_Add-PnPStoredCredential PSCmdlet_Add-PnPTaxonomyField PSCommand_Add-PnPTaxonomyField PSCmdlet_Add-PnPTeamsChannel PSCommand_Add-PnPTeamsChannel PSCmdlet_Add-PnPTeamsTab PSCommand_Add-PnPTeamsTab PSCmdlet_Add-PnPTeamsTeam PSCommand_Add-PnPTeamsTeam PSCmdlet_Add-PnPTeamsUser PSCommand_Add-PnPTeamsUser PSCmdlet_Add-PnPTenantCdnOrigin PSCommand_Add-PnPTenantCdnOrigin PSCmdlet_Add-PnPTenantSequence PSCommand_Add-PnPTenantSequence PSCmdlet_Add-PnPTenantSequenceSite PSCommand_Add-PnPTenantSequenceSite PSCmdlet_Add-PnPTenantSequenceSubSite PSCommand_Add-PnPTenantSequenceSubSite PSCmdlet_Add-PnPTenantTheme PSCommand_Add-PnPTenantTheme PSCmdlet_Add-PnPUserToGroup PSCommand_Add-PnPUserToGroup PSCmdlet_Add-PnPView PSCommand_Add-PnPView PSCmdlet_Add-PnPWebhookSubscription PSCommand_Add-PnPWebhookSubscription PSCmdlet_Add-PnPWebPartToWebPartPage PSCommand_Add-PnPWebPartToWebPartPage PSCmdlet_Add-PnPWebPartToWikiPage PSCommand_Add-PnPWebPartToWikiPage PSCmdlet_Add-PnPWikiPage PSCommand_Add-PnPWikiPage PSCmdlet_Add-PnPWorkflowDefinition PSCommand_Add-PnPWorkflowDefinition PSCmdlet_Add-PnPWorkflowSubscription PSCommand_Add-PnPWorkflowSubscription PSCmdlet_Apply-PnPProvisioningTemplate PSCommand_Apply-PnPProvisioningTemplate PSCmdlet_Set-PnPSitePolicy PSCommand_Set-PnPSitePolicy PSCmdlet_Apply-PnPTenantTemplate PSCommand_Apply-PnPTenantTemplate PSCmdlet_Approve-PnPTenantServicePrincipalPermissionRequest PSCommand_Approve-PnPTenantServicePrincipalPermissionRequest PSCmdlet_Clear-PnPDefaultColumnValues PSCommand_Clear-PnPDefaultColumnValues PSCmdlet_Clear-PnPListItemAsRecord PSCommand_Clear-PnPListItemAsRecord PSCmdlet_Clear-PnPMicrosoft365GroupMember PSCommand_Clear-PnPMicrosoft365GroupMember PSCmdlet_Clear-PnPMicrosoft365GroupOwner PSCommand_Clear-PnPMicrosoft365GroupOwner PSCmdlet_Clear-PnPRecycleBinItem PSCommand_Clear-PnPRecycleBinItem PSCmdlet_Clear-PnPTenantAppCatalogUrl PSCommand_Clear-PnPTenantAppCatalogUrl PSCmdlet_Clear-PnPTenantRecycleBinItem PSCommand_Clear-PnPTenantRecycleBinItem PSCmdlet_Connect-PnPOnline PSCommand_Connect-PnPOnline PSCmdlet_Convert-PnPFolderToProvisioningTemplate PSCommand_Convert-PnPFolderToProvisioningTemplate PSCmdlet_Convert-PnPProvisioningTemplate PSCommand_Convert-PnPProvisioningTemplate PSCmdlet_ConvertTo-PnPClientSidePage PSCommand_ConvertTo-PnPClientSidePage PSCmdlet_Copy-PnPFile PSCommand_Copy-PnPFile PSCmdlet_Deny-PnPTenantServicePrincipalPermissionRequest PSCommand_Deny-PnPTenantServicePrincipalPermissionRequest PSCmdlet_Disable-PnPFeature PSCommand_Disable-PnPFeature PSCmdlet_Disable-PnPInPlaceRecordsManagementForSite PSCommand_Disable-PnPInPlaceRecordsManagementForSite PSCmdlet_Disable-PnPPowerShellTelemetry PSCommand_Disable-PnPPowerShellTelemetry PSCmdlet_Disable-PnPResponsiveUI PSCommand_Disable-PnPResponsiveUI PSCmdlet_Disable-PnPSharingForNonOwnersOfSite PSCommand_Disable-PnPSharingForNonOwnersOfSite PSCmdlet_Disable-PnPSiteClassification PSCommand_Disable-PnPSiteClassification PSCmdlet_Disable-PnPTenantServicePrincipal PSCommand_Disable-PnPTenantServicePrincipal PSCmdlet_Disconnect-PnPOnline PSCommand_Disconnect-PnPOnline PSCmdlet_Enable-PnPCommSite PSCommand_Enable-PnPCommSite PSCmdlet_Enable-PnPFeature PSCommand_Enable-PnPFeature PSCmdlet_Enable-PnPInPlaceRecordsManagementForSite PSCommand_Enable-PnPInPlaceRecordsManagementForSite PSCmdlet_Enable-PnPPowerShellTelemetry PSCommand_Enable-PnPPowerShellTelemetry PSCmdlet_Enable-PnPResponsiveUI PSCommand_Enable-PnPResponsiveUI PSCmdlet_Enable-PnPSiteClassification PSCommand_Enable-PnPSiteClassification PSCmdlet_Enable-PnPTenantServicePrincipal PSCommand_Enable-PnPTenantServicePrincipal PSCmdlet_Get-PnPProperty PSCommand_Get-PnPProperty PSCmdlet_Export-PnPClientSidePage PSCommand_Export-PnPClientSidePage PSCmdlet_Export-PnPClientSidePageMapping PSCommand_Export-PnPClientSidePageMapping PSCmdlet_Export-PnPListToProvisioningTemplate PSCommand_Export-PnPListToProvisioningTemplate PSCmdlet_Export-PnPTaxonomy PSCommand_Export-PnPTaxonomy PSCmdlet_Export-PnPTermGroupToXml PSCommand_Export-PnPTermGroupToXml PSCmdlet_Find-PnPFile PSCommand_Find-PnPFile PSCmdlet_Get-PnPAADUser PSCommand_Get-PnPAADUser PSCmdlet_Get-PnPAlert PSCommand_Get-PnPAlert PSCmdlet_Get-PnPApp PSCommand_Get-PnPApp PSCmdlet_Get-PnPAppInstance PSCommand_Get-PnPAppInstance PSCmdlet_Get-PnPApplicationCustomizer PSCommand_Get-PnPApplicationCustomizer PSCmdlet_Get-PnPAuditing PSCommand_Get-PnPAuditing PSCmdlet_Get-PnPAuthenticationRealm PSCommand_Get-PnPAuthenticationRealm PSCmdlet_Get-PnPAvailableClientSideComponents PSCommand_Get-PnPAvailableClientSideComponents PSCmdlet_Get-PnPAvailableLanguage PSCommand_Get-PnPAvailableLanguage PSCmdlet_Get-PnPClientSideComponent PSCommand_Get-PnPClientSideComponent PSCmdlet_Get-PnPClientSidePage PSCommand_Get-PnPClientSidePage PSCmdlet_Get-PnPContentType PSCommand_Get-PnPContentType PSCmdlet_Get-PnPContentTypePublishingHubUrl PSCommand_Get-PnPContentTypePublishingHubUrl PSCmdlet_Get-PnPCustomAction PSCommand_Get-PnPCustomAction PSCmdlet_Get-PnPDefaultColumnValues PSCommand_Get-PnPDefaultColumnValues PSCmdlet_Get-PnPDeletedMicrosoft365Group PSCommand_Get-PnPDeletedMicrosoft365Group PSCmdlet_Get-PnPDocumentSetTemplate PSCommand_Get-PnPDocumentSetTemplate PSCmdlet_Get-PnPEventReceiver PSCommand_Get-PnPEventReceiver PSCmdlet_Get-PnPException PSCommand_Get-PnPException PSCmdlet_Get-PnPFeature PSCommand_Get-PnPFeature PSCmdlet_Get-PnPField PSCommand_Get-PnPField PSCmdlet_Get-PnPFile PSCommand_Get-PnPFile PSCmdlet_Get-PnPFileVersion PSCommand_Get-PnPFileVersion PSCmdlet_Get-PnPFolder PSCommand_Get-PnPFolder PSCmdlet_Get-PnPFolderItem PSCommand_Get-PnPFolderItem PSCmdlet_Get-PnPGraphAccessToken PSCommand_Get-PnPGraphAccessToken PSCmdlet_Get-PnPGraphSubscription PSCommand_Get-PnPGraphSubscription PSCmdlet_Get-PnPGroup PSCommand_Get-PnPGroup PSCmdlet_Get-PnPGroupMembers PSCommand_Get-PnPGroupMembers PSCmdlet_Get-PnPGroupPermissions PSCommand_Get-PnPGroupPermissions PSCmdlet_Get-PnPHealthScore PSCommand_Get-PnPHealthScore PSCmdlet_Get-PnPHideDefaultThemes PSCommand_Get-PnPHideDefaultThemes PSCmdlet_Get-PnPHomePage PSCommand_Get-PnPHomePage PSCmdlet_Get-PnPHomeSite PSCommand_Get-PnPHomeSite PSCmdlet_Get-PnPHubSite PSCommand_Get-PnPHubSite PSCmdlet_Get-PnPHubSiteChild PSCommand_Get-PnPHubSiteChild PSCmdlet_Get-PnPIndexedPropertyKeys PSCommand_Get-PnPIndexedPropertyKeys PSCmdlet_Get-PnPInPlaceRecordsManagement PSCommand_Get-PnPInPlaceRecordsManagement PSCmdlet_Get-PnPIsSiteAliasAvailable PSCommand_Get-PnPIsSiteAliasAvailable PSCmdlet_Get-PnPJavaScriptLink PSCommand_Get-PnPJavaScriptLink PSCmdlet_Get-PnPKnowledgeHubSite PSCommand_Get-PnPKnowledgeHubSite PSCmdlet_Get-PnPLabel PSCommand_Get-PnPLabel PSCmdlet_Get-PnPList PSCommand_Get-PnPList PSCmdlet_Get-PnPListInformationRightsManagement PSCommand_Get-PnPListInformationRightsManagement PSCmdlet_Get-PnPListItem PSCommand_Get-PnPListItem PSCmdlet_Get-PnPListRecordDeclaration PSCommand_Get-PnPListRecordDeclaration PSCmdlet_Get-PnPManagementApiAccessToken PSCommand_Get-PnPManagementApiAccessToken PSCmdlet_Get-PnPMasterPage PSCommand_Get-PnPMasterPage PSCmdlet_Get-PnPMicrosoft365Group PSCommand_Get-PnPMicrosoft365Group PSCmdlet_Get-PnPMicrosoft365GroupMembers PSCommand_Get-PnPMicrosoft365GroupMembers PSCmdlet_Get-PnPMicrosoft365GroupOwners PSCommand_Get-PnPMicrosoft365GroupOwners PSCmdlet_Get-PnPNavigationNode PSCommand_Get-PnPNavigationNode PSCmdlet_Get-PnPOffice365CurrentServiceStatus PSCommand_Get-PnPOffice365CurrentServiceStatus PSCmdlet_Get-PnPOffice365HistoricalServiceStatus PSCommand_Get-PnPOffice365HistoricalServiceStatus PSCmdlet_Get-PnPOffice365ServiceMessage PSCommand_Get-PnPOffice365ServiceMessage PSCmdlet_Get-PnPOffice365Services PSCommand_Get-PnPOffice365Services PSCmdlet_Get-PnPOfficeManagementApiAccessToken PSCommand_Get-PnPOfficeManagementApiAccessToken PSCmdlet_Get-PnPOrgAssetsLibrary PSCommand_Get-PnPOrgAssetsLibrary PSCmdlet_Get-PnPOrgNewsSite PSCommand_Get-PnPOrgNewsSite PSCmdlet_Get-PnPAccessToken PSCommand_Get-PnPAccessToken PSCmdlet_Get-PnPAzureCertificate PSCommand_Get-PnPAzureCertificate PSCmdlet_Get-PnPAppAuthAccessToken PSCommand_Get-PnPAppAuthAccessToken PSCmdlet_Get-PnPConnection PSCommand_Get-PnPConnection PSCmdlet_Get-PnPSiteCollectionTermStore PSCommand_Get-PnPSiteCollectionTermStore PSCmdlet_Get-PnPStorageEntity PSCommand_Get-PnPStorageEntity PSCmdlet_Get-PnPTenantSyncClientRestriction PSCommand_Get-PnPTenantSyncClientRestriction PSCmdlet_Get-PnPPowerShellTelemetryEnabled PSCommand_Get-PnPPowerShellTelemetryEnabled PSCmdlet_Get-PnPPropertyBag PSCommand_Get-PnPPropertyBag PSCmdlet_Get-PnPProvisioningTemplate PSCommand_Get-PnPProvisioningTemplate PSCmdlet_Get-PnPPublishingImageRendition PSCommand_Get-PnPPublishingImageRendition PSCmdlet_Get-PnPRecycleBinItem PSCommand_Get-PnPRecycleBinItem PSCmdlet_Get-PnPRequestAccessEmails PSCommand_Get-PnPRequestAccessEmails PSCmdlet_Get-PnPRoleDefinition PSCommand_Get-PnPRoleDefinition PSCmdlet_Get-PnPSearchConfiguration PSCommand_Get-PnPSearchConfiguration PSCmdlet_Get-PnPSearchCrawlLog PSCommand_Get-PnPSearchCrawlLog PSCmdlet_Get-PnPSearchSettings PSCommand_Get-PnPSearchSettings PSCmdlet_Get-PnPSharingForNonOwnersOfSite PSCommand_Get-PnPSharingForNonOwnersOfSite PSCmdlet_Get-PnPSite PSCommand_Get-PnPSite PSCmdlet_Get-PnPSiteClassification PSCommand_Get-PnPSiteClassification PSCmdlet_Get-PnPSiteClosure PSCommand_Get-PnPSiteClosure PSCmdlet_Get-PnPSiteCollectionAdmin PSCommand_Get-PnPSiteCollectionAdmin PSCmdlet_Get-PnPSiteDesign PSCommand_Get-PnPSiteDesign PSCmdlet_Get-PnPSiteDesignRights PSCommand_Get-PnPSiteDesignRights PSCmdlet_Get-PnPSiteDesignRun PSCommand_Get-PnPSiteDesignRun PSCmdlet_Get-PnPSiteDesignRunStatus PSCommand_Get-PnPSiteDesignRunStatus PSCmdlet_Get-PnPSiteDesignTask PSCommand_Get-PnPSiteDesignTask PSCmdlet_Get-PnPSitePolicy PSCommand_Get-PnPSitePolicy PSCmdlet_Get-PnPSiteScript PSCommand_Get-PnPSiteScript PSCmdlet_Get-PnPSiteScriptFromList PSCommand_Get-PnPSiteScriptFromList PSCmdlet_Get-PnPSiteScriptFromWeb PSCommand_Get-PnPSiteScriptFromWeb PSCmdlet_Get-PnPSiteSearchQueryResults PSCommand_Get-PnPSiteSearchQueryResults PSCmdlet_Get-PnPContext PSCommand_Get-PnPContext PSCmdlet_Get-PnPStoredCredential PSCommand_Get-PnPStoredCredential PSCmdlet_Get-PnPSubWebs PSCommand_Get-PnPSubWebs PSCmdlet_Get-PnPTaxonomyItem PSCommand_Get-PnPTaxonomyItem PSCmdlet_Get-PnPTaxonomySession PSCommand_Get-PnPTaxonomySession PSCmdlet_Get-PnPTeamsApp PSCommand_Get-PnPTeamsApp PSCmdlet_Get-PnPTeamsChannel PSCommand_Get-PnPTeamsChannel PSCmdlet_Get-PnPTeamsChannelMessage PSCommand_Get-PnPTeamsChannelMessage PSCmdlet_Get-PnPTeamsTab PSCommand_Get-PnPTeamsTab PSCmdlet_Get-PnPTeamsTeam PSCommand_Get-PnPTeamsTeam PSCmdlet_Get-PnPTeamsUser PSCommand_Get-PnPTeamsUser PSCmdlet_Get-PnPTenant PSCommand_Get-PnPTenant PSCmdlet_Get-PnPTenantAppCatalogUrl PSCommand_Get-PnPTenantAppCatalogUrl PSCmdlet_Get-PnPTenantCdnEnabled PSCommand_Get-PnPTenantCdnEnabled PSCmdlet_Get-PnPTenantCdnOrigin PSCommand_Get-PnPTenantCdnOrigin PSCmdlet_Get-PnPTenantCdnPolicies PSCommand_Get-PnPTenantCdnPolicies PSCmdlet_Get-PnPTenantId PSCommand_Get-PnPTenantId PSCmdlet_Get-PnPTenantRecycleBinItem PSCommand_Get-PnPTenantRecycleBinItem PSCmdlet_Get-PnPTenantSequence PSCommand_Get-PnPTenantSequence PSCmdlet_Get-PnPTenantSequenceSite PSCommand_Get-PnPTenantSequenceSite PSCmdlet_Get-PnPTenantServicePrincipal PSCommand_Get-PnPTenantServicePrincipal PSCmdlet_Get-PnPTenantServicePrincipalPermissionGrants PSCommand_Get-PnPTenantServicePrincipalPermissionGrants PSCmdlet_Get-PnPTenantServicePrincipalPermissionRequests PSCommand_Get-PnPTenantServicePrincipalPermissionRequests PSCmdlet_Get-PnPTenantSite PSCommand_Get-PnPTenantSite PSCmdlet_Get-PnPTenantTemplate PSCommand_Get-PnPTenantTemplate PSCmdlet_Get-PnPTenantTheme PSCommand_Get-PnPTenantTheme PSCmdlet_Get-PnPTerm PSCommand_Get-PnPTerm PSCmdlet_Get-PnPTermGroup PSCommand_Get-PnPTermGroup PSCmdlet_Get-PnPTermSet PSCommand_Get-PnPTermSet PSCmdlet_Get-PnPFooter PSCommand_Get-PnPFooter PSCmdlet_Get-PnPTheme PSCommand_Get-PnPTheme PSCmdlet_Get-PnPTimeZoneId PSCommand_Get-PnPTimeZoneId PSCmdlet_Get-PnPUnifiedAuditLog PSCommand_Get-PnPUnifiedAuditLog PSCmdlet_Get-PnPUPABulkImportStatus PSCommand_Get-PnPUPABulkImportStatus PSCmdlet_Get-PnPUser PSCommand_Get-PnPUser PSCmdlet_Get-PnPUserOneDriveQuota PSCommand_Get-PnPUserOneDriveQuota PSCmdlet_Get-PnPUserProfileProperty PSCommand_Get-PnPUserProfileProperty PSCmdlet_Get-PnPView PSCommand_Get-PnPView PSCmdlet_Get-PnPWeb PSCommand_Get-PnPWeb PSCmdlet_Get-PnPWebhookSubscriptions PSCommand_Get-PnPWebhookSubscriptions PSCmdlet_Get-PnPWebPart PSCommand_Get-PnPWebPart PSCmdlet_Get-PnPWebPartProperty PSCommand_Get-PnPWebPartProperty PSCmdlet_Get-PnPWebPartXml PSCommand_Get-PnPWebPartXml PSCmdlet_Get-PnPWebTemplates PSCommand_Get-PnPWebTemplates PSCmdlet_Get-PnPWikiPageContent PSCommand_Get-PnPWikiPageContent PSCmdlet_Get-PnPWorkflowDefinition PSCommand_Get-PnPWorkflowDefinition PSCmdlet_Get-PnPWorkflowInstance PSCommand_Get-PnPWorkflowInstance PSCmdlet_Get-PnPWorkflowSubscription PSCommand_Get-PnPWorkflowSubscription PSCmdlet_Grant-PnPHubSiteRights PSCommand_Grant-PnPHubSiteRights PSCmdlet_Grant-PnPSiteDesignRights PSCommand_Grant-PnPSiteDesignRights PSCmdlet_Grant-PnPTenantServicePrincipalPermission PSCommand_Grant-PnPTenantServicePrincipalPermission PSCmdlet_Import-PnPAppPackage PSCommand_Import-PnPAppPackage PSCmdlet_Import-PnPTaxonomy PSCommand_Import-PnPTaxonomy PSCmdlet_Import-PnPTermGroupFromXml PSCommand_Import-PnPTermGroupFromXml PSCmdlet_Import-PnPTermSet PSCommand_Import-PnPTermSet PSCmdlet_Initialize-PnPPowerShellAuthentication PSCommand_Initialize-PnPPowerShellAuthentication PSCmdlet_Install-PnPApp PSCommand_Install-PnPApp PSCmdlet_Install-PnPSolution PSCommand_Install-PnPSolution PSCmdlet_Invoke-PnPQuery PSCommand_Invoke-PnPQuery PSCmdlet_Invoke-PnPSiteDesign PSCommand_Invoke-PnPSiteDesign PSCmdlet_Invoke-PnPSPRestMethod PSCommand_Invoke-PnPSPRestMethod PSCmdlet_Invoke-PnPWebAction PSCommand_Invoke-PnPWebAction PSCmdlet_Measure-PnPList PSCommand_Measure-PnPList PSCmdlet_Measure-PnPWeb PSCommand_Measure-PnPWeb PSCmdlet_Measure-PnPResponseTime PSCommand_Measure-PnPResponseTime PSCmdlet_Move-PnPClientSideComponent PSCommand_Move-PnPClientSideComponent PSCmdlet_Move-PnPFile PSCommand_Move-PnPFile PSCmdlet_Move-PnPFolder PSCommand_Move-PnPFolder PSCmdlet_Move-PnPListItemToRecycleBin PSCommand_Move-PnPListItemToRecycleBin PSCmdlet_Move-PnPRecycleBinItem PSCommand_Move-PnPRecycleBinItem PSCmdlet_New-PnPExtensibilityHandlerObject PSCommand_New-PnPExtensibilityHandlerObject PSCmdlet_New-PnPGraphSubscription PSCommand_New-PnPGraphSubscription PSCmdlet_New-PnPGroup PSCommand_New-PnPGroup PSCmdlet_New-PnPList PSCommand_New-PnPList PSCmdlet_New-PnPPersonalSite PSCommand_New-PnPPersonalSite PSCmdlet_New-PnPAzureCertificate PSCommand_New-PnPAzureCertificate PSCmdlet_New-PnPMicrosoft365Group PSCommand_New-PnPMicrosoft365Group PSCmdlet_New-PnPProvisioningTemplate PSCommand_New-PnPProvisioningTemplate PSCmdlet_New-PnPProvisioningTemplateFromFolder PSCommand_New-PnPProvisioningTemplateFromFolder PSCmdlet_New-PnPSite PSCommand_New-PnPSite PSCmdlet_New-PnPTeamsApp PSCommand_New-PnPTeamsApp PSCmdlet_New-PnPTeamsTeam PSCommand_New-PnPTeamsTeam PSCmdlet_New-PnPTenantSequence PSCommand_New-PnPTenantSequence PSCmdlet_New-PnPTenantSequenceCommunicationSite PSCommand_New-PnPTenantSequenceCommunicationSite PSCmdlet_New-PnPTenantSequenceTeamNoGroupSite PSCommand_New-PnPTenantSequenceTeamNoGroupSite PSCmdlet_New-PnPTenantSequenceTeamNoGroupSubSite PSCommand_New-PnPTenantSequenceTeamNoGroupSubSite PSCmdlet_New-PnPTenantSequenceTeamSite PSCommand_New-PnPTenantSequenceTeamSite PSCmdlet_New-PnPTenantSite PSCommand_New-PnPTenantSite PSCmdlet_New-PnPTenantTemplate PSCommand_New-PnPTenantTemplate PSCmdlet_New-PnPTerm PSCommand_New-PnPTerm PSCmdlet_New-PnPTermGroup PSCommand_New-PnPTermGroup PSCmdlet_New-PnPTermLabel PSCommand_New-PnPTermLabel PSCmdlet_New-PnPTermSet PSCommand_New-PnPTermSet PSCmdlet_New-PnPUPABulkImportJob PSCommand_New-PnPUPABulkImportJob PSCmdlet_New-PnPUser PSCommand_New-PnPUser PSCmdlet_New-PnPWeb PSCommand_New-PnPWeb PSCmdlet_Publish-PnPApp PSCommand_Publish-PnPApp PSCmdlet_Read-PnPProvisioningTemplate PSCommand_Read-PnPProvisioningTemplate PSCmdlet_Read-PnPTenantTemplate PSCommand_Read-PnPTenantTemplate PSCmdlet_Register-PnPAppCatalogSite PSCommand_Register-PnPAppCatalogSite PSCmdlet_Register-PnPHubSite PSCommand_Register-PnPHubSite PSCmdlet_Register-PnPManagementShellAccess PSCommand_Register-PnPManagementShellAccess PSCmdlet_Remove-PnPAlert PSCommand_Remove-PnPAlert PSCmdlet_Remove-PnPApp PSCommand_Remove-PnPApp PSCmdlet_Remove-PnPApplicationCustomizer PSCommand_Remove-PnPApplicationCustomizer PSCmdlet_Remove-PnPClientSideComponent PSCommand_Remove-PnPClientSideComponent PSCmdlet_Remove-PnPClientSidePage PSCommand_Remove-PnPClientSidePage PSCmdlet_Remove-PnPContentType PSCommand_Remove-PnPContentType PSCmdlet_Remove-PnPContentTypeFromDocumentSet PSCommand_Remove-PnPContentTypeFromDocumentSet PSCmdlet_Remove-PnPContentTypeFromList PSCommand_Remove-PnPContentTypeFromList PSCmdlet_Remove-PnPCustomAction PSCommand_Remove-PnPCustomAction PSCmdlet_Remove-PnPDeletedMicrosoft365Group PSCommand_Remove-PnPDeletedMicrosoft365Group PSCmdlet_Remove-PnPIndexedProperty PSCommand_Remove-PnPIndexedProperty PSCmdlet_Remove-PnPEventReceiver PSCommand_Remove-PnPEventReceiver PSCmdlet_Remove-PnPField PSCommand_Remove-PnPField PSCmdlet_Remove-PnPFieldFromContentType PSCommand_Remove-PnPFieldFromContentType PSCmdlet_Remove-PnPFile PSCommand_Remove-PnPFile PSCmdlet_Remove-PnPFileFromProvisioningTemplate PSCommand_Remove-PnPFileFromProvisioningTemplate PSCmdlet_Remove-PnPFileVersion PSCommand_Remove-PnPFileVersion PSCmdlet_Remove-PnPFolder PSCommand_Remove-PnPFolder PSCmdlet_Remove-PnPGraphSubscription PSCommand_Remove-PnPGraphSubscription PSCmdlet_Remove-PnPGroup PSCommand_Remove-PnPGroup PSCmdlet_Remove-PnPHomeSite PSCommand_Remove-PnPHomeSite PSCmdlet_Remove-PnPHubSiteAssociation PSCommand_Remove-PnPHubSiteAssociation PSCmdlet_Remove-PnPJavaScriptLink PSCommand_Remove-PnPJavaScriptLink PSCmdlet_Remove-PnPKnowledgeHubSite PSCommand_Remove-PnPKnowledgeHubSite PSCmdlet_Remove-PnPList PSCommand_Remove-PnPList PSCmdlet_Remove-PnPListItem PSCommand_Remove-PnPListItem PSCmdlet_Remove-PnPMicrosoft365Group PSCommand_Remove-PnPMicrosoft365Group PSCmdlet_Remove-PnPMicrosoft365GroupMember PSCommand_Remove-PnPMicrosoft365GroupMember PSCmdlet_Remove-PnPMicrosoft365GroupOwner PSCommand_Remove-PnPMicrosoft365GroupOwner PSCmdlet_Remove-PnPNavigationNode PSCommand_Remove-PnPNavigationNode PSCmdlet_Remove-PnPOrgAssetsLibrary PSCommand_Remove-PnPOrgAssetsLibrary PSCmdlet_Remove-PnPOrgNewsSite PSCommand_Remove-PnPOrgNewsSite PSCmdlet_Remove-PnPStorageEntity PSCommand_Remove-PnPStorageEntity PSCmdlet_Remove-PnPPropertyBagValue PSCommand_Remove-PnPPropertyBagValue PSCmdlet_Remove-PnPPublishingImageRendition PSCommand_Remove-PnPPublishingImageRendition PSCmdlet_Remove-PnPRoleDefinition PSCommand_Remove-PnPRoleDefinition PSCmdlet_Remove-PnPSearchConfiguration PSCommand_Remove-PnPSearchConfiguration PSCmdlet_Remove-PnPTenantSite PSCommand_Remove-PnPTenantSite PSCmdlet_Remove-PnPSiteClassification PSCommand_Remove-PnPSiteClassification PSCmdlet_Remove-PnPSiteCollectionAdmin PSCommand_Remove-PnPSiteCollectionAdmin PSCmdlet_Remove-PnPSiteCollectionAppCatalog PSCommand_Remove-PnPSiteCollectionAppCatalog PSCmdlet_Remove-PnPSiteDesign PSCommand_Remove-PnPSiteDesign PSCmdlet_Remove-PnPSiteDesignTask PSCommand_Remove-PnPSiteDesignTask PSCmdlet_Remove-PnPSiteScript PSCommand_Remove-PnPSiteScript PSCmdlet_Remove-PnPStoredCredential PSCommand_Remove-PnPStoredCredential PSCmdlet_Remove-PnPTaxonomyItem PSCommand_Remove-PnPTaxonomyItem PSCmdlet_Remove-PnPTeamsApp PSCommand_Remove-PnPTeamsApp PSCmdlet_Remove-PnPTeamsChannel PSCommand_Remove-PnPTeamsChannel PSCmdlet_Remove-PnPTeamsTab PSCommand_Remove-PnPTeamsTab PSCmdlet_Remove-PnPTeamsTeam PSCommand_Remove-PnPTeamsTeam PSCmdlet_Remove-PnPTeamsUser PSCommand_Remove-PnPTeamsUser PSCmdlet_Remove-PnPTenantCdnOrigin PSCommand_Remove-PnPTenantCdnOrigin PSCmdlet_Remove-PnPTenantTheme PSCommand_Remove-PnPTenantTheme PSCmdlet_Remove-PnPTermGroup PSCommand_Remove-PnPTermGroup PSCmdlet_Remove-PnPUser PSCommand_Remove-PnPUser PSCmdlet_Remove-PnPUserFromGroup PSCommand_Remove-PnPUserFromGroup PSCmdlet_Remove-PnPView PSCommand_Remove-PnPView PSCmdlet_Remove-PnPWeb PSCommand_Remove-PnPWeb PSCmdlet_Remove-PnPWebhookSubscription PSCommand_Remove-PnPWebhookSubscription PSCmdlet_Remove-PnPWebPart PSCommand_Remove-PnPWebPart PSCmdlet_Remove-PnPWikiPage PSCommand_Remove-PnPWikiPage PSCmdlet_Remove-PnPWorkflowDefinition PSCommand_Remove-PnPWorkflowDefinition PSCmdlet_Remove-PnPWorkflowSubscription PSCommand_Remove-PnPWorkflowSubscription PSCmdlet_Rename-PnPFile PSCommand_Rename-PnPFile PSCmdlet_Rename-PnPFolder PSCommand_Rename-PnPFolder PSCmdlet_Request-PnPAccessToken PSCommand_Request-PnPAccessToken PSCmdlet_Request-PnPReIndexList PSCommand_Request-PnPReIndexList PSCmdlet_Request-PnPReIndexWeb PSCommand_Request-PnPReIndexWeb PSCmdlet_Reset-PnPFileVersion PSCommand_Reset-PnPFileVersion PSCmdlet_Reset-PnPLabel PSCommand_Reset-PnPLabel PSCmdlet_Reset-PnPMicrosoft365GroupExpiration PSCommand_Reset-PnPMicrosoft365GroupExpiration PSCmdlet_Reset-PnPUserOneDriveQuotaToDefault PSCommand_Reset-PnPUserOneDriveQuotaToDefault PSCmdlet_Resolve-PnPFolder PSCommand_Resolve-PnPFolder PSCmdlet_Restore-PnPDeletedMicrosoft365Group PSCommand_Restore-PnPDeletedMicrosoft365Group PSCmdlet_Restore-PnPFileVersion PSCommand_Restore-PnPFileVersion PSCmdlet_Restore-PnPRecycleBinItem PSCommand_Restore-PnPRecycleBinItem PSCmdlet_Restore-PnPTenantRecycleBinItem PSCommand_Restore-PnPTenantRecycleBinItem PSCmdlet_Resume-PnPWorkflowInstance PSCommand_Resume-PnPWorkflowInstance PSCmdlet_Revoke-PnPHubSiteRights PSCommand_Revoke-PnPHubSiteRights PSCmdlet_Revoke-PnPSiteDesignRights PSCommand_Revoke-PnPSiteDesignRights PSCmdlet_Revoke-PnPTenantServicePrincipalPermission PSCommand_Revoke-PnPTenantServicePrincipalPermission PSCmdlet_Save-PnPClientSidePageConversionLog PSCommand_Save-PnPClientSidePageConversionLog PSCmdlet_Save-PnPProvisioningTemplate PSCommand_Save-PnPProvisioningTemplate PSCmdlet_Save-PnPTenantTemplate PSCommand_Save-PnPTenantTemplate PSCmdlet_Send-PnPMail PSCommand_Send-PnPMail PSCmdlet_Set-PnPApplicationCustomizer PSCommand_Set-PnPApplicationCustomizer PSCmdlet_Set-PnPAppSideLoading PSCommand_Set-PnPAppSideLoading PSCmdlet_Set-PnPAuditing PSCommand_Set-PnPAuditing PSCmdlet_Set-PnPAvailablePageLayouts PSCommand_Set-PnPAvailablePageLayouts PSCmdlet_Set-PnPClientSidePage PSCommand_Set-PnPClientSidePage PSCmdlet_Set-PnPClientSideText PSCommand_Set-PnPClientSideText PSCmdlet_Set-PnPClientSideWebPart PSCommand_Set-PnPClientSideWebPart PSCmdlet_Set-PnPContext PSCommand_Set-PnPContext PSCmdlet_Set-PnPDefaultColumnValues PSCommand_Set-PnPDefaultColumnValues PSCmdlet_Set-PnPDefaultContentTypeToList PSCommand_Set-PnPDefaultContentTypeToList PSCmdlet_Set-PnPDefaultPageLayout PSCommand_Set-PnPDefaultPageLayout PSCmdlet_Set-PnPField PSCommand_Set-PnPField PSCmdlet_Set-PnPDocumentSetField PSCommand_Set-PnPDocumentSetField PSCmdlet_Set-PnPFileCheckedIn PSCommand_Set-PnPFileCheckedIn PSCmdlet_Set-PnPFileCheckedOut PSCommand_Set-PnPFileCheckedOut PSCmdlet_Set-PnPFolderPermission PSCommand_Set-PnPFolderPermission PSCmdlet_Set-PnPFooter PSCommand_Set-PnPFooter PSCmdlet_Set-PnPGraphSubscription PSCommand_Set-PnPGraphSubscription PSCmdlet_Set-PnPGroup PSCommand_Set-PnPGroup PSCmdlet_Set-PnPGroupPermissions PSCommand_Set-PnPGroupPermissions PSCmdlet_Set-PnPHideDefaultThemes PSCommand_Set-PnPHideDefaultThemes PSCmdlet_Set-PnPHomePage PSCommand_Set-PnPHomePage PSCmdlet_Set-PnPHomeSite PSCommand_Set-PnPHomeSite PSCmdlet_Set-PnPHubSite PSCommand_Set-PnPHubSite PSCmdlet_Set-PnPIndexedProperties PSCommand_Set-PnPIndexedProperties PSCmdlet_Set-PnPInPlaceRecordsManagement PSCommand_Set-PnPInPlaceRecordsManagement PSCmdlet_Set-PnPKnowledgeHubSite PSCommand_Set-PnPKnowledgeHubSite PSCmdlet_Set-PnPLabel PSCommand_Set-PnPLabel PSCmdlet_Set-PnPList PSCommand_Set-PnPList PSCmdlet_Set-PnPListInformationRightsManagement PSCommand_Set-PnPListInformationRightsManagement PSCmdlet_Set-PnPListItem PSCommand_Set-PnPListItem PSCmdlet_Set-PnPListItemAsRecord PSCommand_Set-PnPListItemAsRecord PSCmdlet_Set-PnPListItemPermission PSCommand_Set-PnPListItemPermission PSCmdlet_Set-PnPListPermission PSCommand_Set-PnPListPermission PSCmdlet_Set-PnPListRecordDeclaration PSCommand_Set-PnPListRecordDeclaration PSCmdlet_Set-PnPMasterPage PSCommand_Set-PnPMasterPage PSCmdlet_Set-PnPMicrosoft365Group PSCommand_Set-PnPMicrosoft365Group PSCmdlet_Set-PnPMinimalDownloadStrategy PSCommand_Set-PnPMinimalDownloadStrategy PSCmdlet_Set-PnPStorageEntity PSCommand_Set-PnPStorageEntity PSCmdlet_Set-PnPPropertyBagValue PSCommand_Set-PnPPropertyBagValue PSCmdlet_Set-PnPProvisioningTemplateMetadata PSCommand_Set-PnPProvisioningTemplateMetadata PSCmdlet_Set-PnPRequestAccessEmails PSCommand_Set-PnPRequestAccessEmails PSCmdlet_Set-PnPSearchConfiguration PSCommand_Set-PnPSearchConfiguration PSCmdlet_Set-PnPSearchSettings PSCommand_Set-PnPSearchSettings PSCmdlet_Set-PnPSite PSCommand_Set-PnPSite PSCmdlet_Set-PnPSiteClosure PSCommand_Set-PnPSiteClosure PSCmdlet_Set-PnPSiteDesign PSCommand_Set-PnPSiteDesign PSCmdlet_Set-PnPSiteScript PSCommand_Set-PnPSiteScript PSCmdlet_Set-PnPTaxonomyFieldValue PSCommand_Set-PnPTaxonomyFieldValue PSCmdlet_Set-PnPTeamifyPromptHidden PSCommand_Set-PnPTeamifyPromptHidden PSCmdlet_Set-PnPTeamsChannel PSCommand_Set-PnPTeamsChannel PSCmdlet_Set-PnPTeamsTab PSCommand_Set-PnPTeamsTab PSCmdlet_Set-PnPTeamsTeam PSCommand_Set-PnPTeamsTeam PSCmdlet_Set-PnPTeamsTeamArchivedState PSCommand_Set-PnPTeamsTeamArchivedState PSCmdlet_Set-PnPTeamsTeamPicture PSCommand_Set-PnPTeamsTeamPicture PSCmdlet_Set-PnPTenant PSCommand_Set-PnPTenant PSCmdlet_Set-PnPTenantAppCatalogUrl PSCommand_Set-PnPTenantAppCatalogUrl PSCmdlet_Set-PnPTenantCdnEnabled PSCommand_Set-PnPTenantCdnEnabled PSCmdlet_Set-PnPTenantCdnPolicy PSCommand_Set-PnPTenantCdnPolicy PSCmdlet_Set-PnPTenantSite PSCommand_Set-PnPTenantSite PSCmdlet_Set-PnPTenantSyncClientRestriction PSCommand_Set-PnPTenantSyncClientRestriction PSCmdlet_Set-PnPTermGroup PSCommand_Set-PnPTermGroup PSCmdlet_Set-PnPTermSet PSCommand_Set-PnPTermSet PSCmdlet_Set-PnPTheme PSCommand_Set-PnPTheme PSCmdlet_Set-PnPTraceLog PSCommand_Set-PnPTraceLog PSCmdlet_Set-PnPUserOneDriveQuota PSCommand_Set-PnPUserOneDriveQuota PSCmdlet_Set-PnPUserProfileProperty PSCommand_Set-PnPUserProfileProperty PSCmdlet_Set-PnPView PSCommand_Set-PnPView PSCmdlet_Set-PnPWeb PSCommand_Set-PnPWeb PSCmdlet_Set-PnPWebhookSubscription PSCommand_Set-PnPWebhookSubscription PSCmdlet_Set-PnPWebPartProperty PSCommand_Set-PnPWebPartProperty PSCmdlet_Set-PnPWebPermission PSCommand_Set-PnPWebPermission PSCmdlet_Set-PnPWebTheme PSCommand_Set-PnPWebTheme PSCmdlet_Set-PnPWikiPageContent PSCommand_Set-PnPWikiPageContent PSCmdlet_Copy-PnPItemProxy PSCommand_Copy-PnPItemProxy PSCmdlet_Move-PnPItemProxy PSCommand_Move-PnPItemProxy PSCmdlet_Start-PnPWorkflowInstance PSCommand_Start-PnPWorkflowInstance PSCmdlet_Stop-PnPWorkflowInstance PSCommand_Stop-PnPWorkflowInstance PSCmdlet_Submit-PnPSearchQuery PSCommand_Submit-PnPSearchQuery PSCmdlet_Submit-PnPTeamsChannelMessage PSCommand_Submit-PnPTeamsChannelMessage PSCmdlet_Sync-PnPAppToTeams PSCommand_Sync-PnPAppToTeams PSCmdlet_Test-PnPListItemIsRecord PSCommand_Test-PnPListItemIsRecord PSCmdlet_Test-PnPTenantTemplate PSCommand_Test-PnPTenantTemplate PSCmdlet_Uninstall-PnPApp PSCommand_Uninstall-PnPApp PSCmdlet_Uninstall-PnPAppInstance PSCommand_Uninstall-PnPAppInstance PSCmdlet_Uninstall-PnPSolution PSCommand_Uninstall-PnPSolution PSCmdlet_Unpublish-PnPApp PSCommand_Unpublish-PnPApp PSCmdlet_Unregister-PnPHubSite PSCommand_Unregister-PnPHubSite PSCmdlet_Update-PnPApp PSCommand_Update-PnPApp PSCmdlet_Update-PnPSiteClassification PSCommand_Update-PnPSiteClassification PSCmdlet_Update-PnPTeamsApp PSCommand_Update-PnPTeamsApp PSIncludes_Cmdlet</S>
          <S N="developmentDependency">False</S>
          <S N="updated">2024-06-21T00:13:23Z</S>
          <S N="NormalizedVersion">3.29.2101</S>
          <S N="Authors">Microsoft 365 Patterns and Practices</S>
          <S N="IsPrerelease">false</S>
          <S N="ItemType">Module</S>
          <S N="FileList">SharePointPnPPowerShellOnline.nuspec|AngleSharp.Css.dll|AngleSharp.dll|Microsoft.ApplicationInsights.dll|Microsoft.Azure.ActiveDirectory.GraphClient.dll|Microsoft.Bcl.AsyncInterfaces.dll|Microsoft.Data.Edm.dll|Microsoft.Data.OData.dll|Microsoft.Data.Services.Client.dll|Microsoft.Extensions.Caching.Abstractions.dll|Microsoft.Extensions.Caching.Memory.dll|Microsoft.Extensions.DependencyInjection.Abstractions.dll|Microsoft.Extensions.Options.dll|Microsoft.Extensions.Primitives.dll|Microsoft.Extensions.WebEncoders.dll|Microsoft.Graph.Core.dll|Microsoft.Graph.dll|Microsoft.Identity.Client.dll|Microsoft.IdentityModel.Clients.ActiveDirectory.dll|Microsoft.IdentityModel.Clients.ActiveDirectory.Platform.dll|Microsoft.IdentityModel.dll|Microsoft.IdentityModel.JsonWebTokens.dll|Microsoft.IdentityModel.Logging.dll|Microsoft.IdentityModel.Tokens.dll|Microsoft.Office.Client.Policy.dll|Microsoft.Office.Client.TranslationServices.dll|Microsoft.Online.SharePoint.Client.Tenant.dll|Microsoft.SharePoint.Client.dll|Microsoft.SharePoint.Client.DocumentManagement.dll|Microsoft.SharePoint.Client.Publishing.dll|Microsoft.SharePoint.Client.Runtime.dll|Microsoft.SharePoint.Client.Search.Applications.dll|Microsoft.SharePoint.Client.Search.dll|Microsoft.SharePoint.Client.Taxonomy.dll|Microsoft.SharePoint.Client.UserProfiles.dll|Microsoft.SharePoint.Client.WorkflowServices.dll|Microsoft.Win32.Primitives.dll|Microsoft.WindowsAzure.Configuration.dll|Microsoft.WindowsAzure.Storage.dll|netstandard.dll|Newtonsoft.Json.dll|OfficeDevPnP.Core.dll|PnP.PowerShell.CmdletHelpAttributes.dll|PnP.PowerShell.Online.Commands.dll|PnP.PowerShell.Online.Commands.dll-help.xml|PnP.PowerShell.Online.Commands.Format.ps1xml|SharePointPnP.IdentityModel.Extensions.dll|SharePointPnP.Modernization.Framework.dll|SharePointPnPPowerShellOnline.psd1|System.AppContext.dll|System.Buffers.dll|System.Collections.Concurrent.dll|System.Collections.dll|System.Collections.NonGeneric.dll|System.Collections.Specialized.dll|System.ComponentModel.Annotations.dll|System.ComponentModel.dll|System.ComponentModel.EventBasedAsync.dll|System.ComponentModel.Primitives.dll|System.ComponentModel.TypeConverter.dll|System.Console.dll|System.Data.Common.dll|System.Diagnostics.Contracts.dll|System.Diagnostics.Debug.dll|System.Diagnostics.DiagnosticSource.dll|System.Diagnostics.FileVersionInfo.dll|System.Diagnostics.Process.dll|System.Diagnostics.StackTrace.dll|System.Diagnostics.TextWriterTraceListener.dll|System.Diagnostics.Tools.dll|System.Diagnostics.TraceSource.dll|System.Diagnostics.Tracing.dll|System.Drawing.Primitives.dll|System.Dynamic.Runtime.dll|System.Globalization.Calendars.dll|System.Globalization.dll|System.Globalization.Extensions.dll|System.IdentityModel.Tokens.Jwt.dll|System.IO.Compression.dll|System.IO.Compression.ZipFile.dll|System.IO.dll|System.IO.FileSystem.dll|System.IO.FileSystem.DriveInfo.dll|System.IO.FileSystem.Primitives.dll|System.IO.FileSystem.Watcher.dll|System.IO.IsolatedStorage.dll|System.IO.MemoryMappedFiles.dll|System.IO.Pipes.dll|System.IO.UnmanagedMemoryStream.dll|System.Linq.dll|System.Linq.Expressions.dll|System.Linq.Parallel.dll|System.Linq.Queryable.dll|System.Management.Automation.dll|System.Memory.dll|System.Net.Http.dll|System.Net.Http.Formatting.dll|System.Net.NameResolution.dll|System.Net.NetworkInformation.dll|System.Net.Ping.dll|System.Net.Primitives.dll|System.Net.Requests.dll|System.Net.Security.dll|System.Net.Sockets.dll|System.Net.WebHeaderCollection.dll|System.Net.WebSockets.Client.dll|System.Net.WebSockets.dll|System.Numerics.Vectors.dll|System.ObjectModel.dll|System.Reflection.dll|System.Reflection.Extensions.dll|System.Reflection.Primitives.dll|System.Resources.Reader.dll|System.Resources.ResourceManager.dll|System.Resources.Writer.dll|System.Runtime.CompilerServices.Unsafe.dll|System.Runtime.CompilerServices.VisualC.dll|System.Runtime.dll|System.Runtime.Extensions.dll|System.Runtime.Handles.dll|System.Runtime.InteropServices.dll|System.Runtime.InteropServices.RuntimeInformation.dll|System.Runtime.Numerics.dll|System.Runtime.Serialization.Formatters.dll|System.Runtime.Serialization.Json.dll|System.Runtime.Serialization.Primitives.dll|System.Runtime.Serialization.Xml.dll|System.Security.Claims.dll|System.Security.Cryptography.Algorithms.dll|System.Security.Cryptography.Csp.dll|System.Security.Cryptography.Encoding.dll|System.Security.Cryptography.Primitives.dll|System.Security.Cryptography.X509Certificates.dll|System.Security.Principal.dll|System.Security.SecureString.dll|System.Spatial.dll|System.Text.Encoding.CodePages.dll|System.Text.Encoding.dll|System.Text.Encoding.Extensions.dll|System.Text.Encodings.Web.dll|System.Text.Json.dll|System.Text.RegularExpressions.dll|System.Threading.dll|System.Threading.Overlapped.dll|System.Threading.Tasks.dll|System.Threading.Tasks.Extensions.dll|System.Threading.Tasks.Parallel.dll|System.Threading.Thread.dll|System.Threading.ThreadPool.dll|System.Threading.Timer.dll|System.ValueTuple.dll|System.Web.Http.dll|System.Xml.ReaderWriter.dll|System.Xml.XDocument.dll|System.Xml.XmlDocument.dll|System.Xml.XmlSerializer.dll|System.Xml.XPath.dll|System.Xml.XPath.XDocument.dll|TextCopy.dll</S>
          <S N="GUID">8f1147be-a8e4-4bd2-a705-841d5334edc0</S>
          <S N="DotNetFrameworkVersion">4.6.1</S>
          <S N="ProcessorArchitecture">None</S>
          <S N="CompanyName">Microsoft 365 Patterns and Practices</S>
        </MS>
      </Obj>
      <S N="InstalledLocation">C:\SharePointPnPPowerShellOnline\SharePointPnPPowerShellOnline\3.29.2101.0</S>
    </MS>
  </Obj>
</Objs>
